TimeStamp,clickCNTL,clickCNTR,clickCNTM,MouseDisplacement,MouseSpeedMax,MouseWheelAmount,KeyTypeCNT,KeyTypeDelCNT,KeyTypeBackCNT,KeyTypeEnterCNT,Curvature,AppName,FFT0,FFT1,Compass,Posture_RightLeft,Posture_Rear,Posture_Front,Sag,Rotation,SittingStatus,Memo,
2018/07/10 13:05:59,5,0,0,1692,811,0,0,0,0,0,32.3,Datalogging,1,1,NaN,NaN,NaN,NaN,NaN,NaN,NaN,memo,
2018/07/10 13:06:04,1,0,0,261,24,0,0,0,0,0,31.5,Datalogging,0,0,194,0.43,0.25,0.39,0.3,-1.21,0.79,memo,
2018/07/10 13:06:09,3,0,0,666,134,0,0,0,0,0,24.9,Datalogging,0,0,185,0.35,0.28,0.41,0.3,-0.93,0.55,memo,
2018/07/10 13:06:14,0,0,0,1325,184,0,0,0,0,0,30.5,Datalogging,0,0,167,0.36,0.22,0.33,0.3,-1.02,0.55,memo,
2018/07/10 13:06:19,0,0,0,47,10,0,0,0,0,0,20.1,Datalogging,0,0,223,0.49,0.25,0.51,0,-1.51,1,memo,
2018/07/10 13:06:24,0,0,0,0,0,0,0,0,0,0,0,Datalogging,0,0,134,0.35,0.05,0.1,0.2,-0.49,0.26,memo,
2018/07/10 13:06:29,0,0,0,0,0,0,0,0,0,0,0,Datalogging,0,0,204,0.45,0.23,0.46,0.2,-1.46,0.91,memo,
2018/07/10 13:06:34,0,0,0,0,0,0,0,0,0,0,0,Datalogging,0,0,191,0.4,0.22,0.38,-0.1,-1.2,0.77,memo,
2018/07/10 13:06:39,0,0,0,0,0,0,0,0,0,0,0,Datalogging,0,0,188,0.45,0.19,0.4,0.2,-1.13,0.75,memo,
2018/07/10 13:06:44,0,0,0,1659,541,0,0,0,0,0,21.9,Datalogging,0,0,146,0.28,0.15,0.37,0.4,-0.56,0.3,memo,
2018/07/10 13:06:49,1,0,0,2113,287,0,0,0,0,0,33.6,SearchUI,0,0,152,0.3,0.24,0.16,0.3,-0.64,0.39,memo,
2018/07/10 13:06:54,0,0,0,1795,344,0,1,0,0,0,31.7,SearchUI,0,0,137,0.21,0.24,0.27,0.1,-0.39,0.21,memo,
2018/07/10 13:06:59,0,0,0,155,60,0,0,0,2,1,27.5,WINWORD,0,0,131,0.34,0.16,0.26,0.1,-0.66,0.28,memo,
2018/07/10 13:07:04,2,0,0,5452,456,0,0,0,0,0,63.6,WINWORD,0,0,157,0.36,0.22,0.25,0.2,-0.68,0.42,memo,
2018/07/10 13:07:09,0,0,0,111,22,0,0,0,0,0,6.4,WINWORD,0,0,185,0.21,0.47,0.41,0.1,-1,0.62,memo,
2018/07/10 13:07:14,0,0,0,0,0,0,0,0,0,0,0,WINWORD,0,0,194,0.52,0.45,0.33,0.4,-0.92,0.58,memo,
2018/07/10 13:07:19,0,0,0,0,0,0,0,0,0,0,0,WINWORD,0,0,221,0.49,0.57,0.5,0.4,-1.58,1,memo,
2018/07/10 13:07:24,0,0,0,0,0,0,0,0,0,0,0,WINWORD,0,0,221,0.49,0.57,0.5,0.4,-1.6,1,memo,
2018/07/10 13:07:29,0,0,0,0,0,0,0,0,0,0,0,WINWORD,0,0,183,0.46,0.41,0.24,0.3,-0.77,0.58,memo,
2018/07/10 13:07:34,0,0,0,0,0,0,0,0,0,0,0,WINWORD,0,0,167,0.43,0.33,0.39,0.2,-1.09,0.55,memo,
2018/07/10 13:07:39,0,0,0,3689,825,0,0,0,0,0,31.1,chrome,0,0,192,0.47,0.47,0.42,0.3,-1.1,0.64,memo,
2018/07/10 13:07:44,3,0,0,5211,570,0,0,0,0,0,54.4,chrome,0,0,146,0.18,0.4,0.22,0.2,-0.44,0.26,memo,
2018/07/10 13:07:49,0,0,0,1187,306,0,0,0,0,0,35.7,chrome,0,0,170,0.35,0.5,0.39,0.2,-1.02,0.51,memo,
2018/07/10 13:07:54,0,0,0,1197,288,0,0,0,0,0,28.2,chrome,0,0,216,0.48,0.56,0.48,0.4,-1.55,0.94,memo,
2018/07/10 13:07:59,1,0,0,1599,184,0,0,0,0,0,34.3,chrome,0,0,223,0.5,0.58,0.5,0.4,-1.61,1,memo,
2018/07/10 13:08:04,0,0,0,1767,462,0,0,0,0,0,16.5,chrome,0,0,222,0.5,0.59,0.5,0.4,-1.66,1,memo,
2018/07/10 13:08:09,1,0,0,261,87,0,0,0,0,0,9.4,chrome,0,0,177,0.51,0.46,0.39,0.3,-1.07,0.57,memo,
2018/07/10 13:08:14,2,0,0,5309,684,0,0,0,0,0,63.8,chrome,0,0,174,0.39,0.46,0.34,0.3,-0.9,0.55,memo,
2018/07/10 13:08:19,3,0,0,3274,182,0,0,0,0,0,59.1,chrome,0,0,209,0.5,0.55,0.46,0.4,-1.37,0.85,memo,
2018/07/10 13:08:24,1,0,0,2421,212,0,0,0,0,0,28.8,chrome,0,0,200,0.49,0.51,0.39,0.3,-1.3,0.8,memo,
2018/07/10 13:08:29,0,0,0,1,1,0,0,0,0,0,0,chrome,0,0,211,0.47,0.54,0.46,0.3,-1.41,0.88,memo,
2018/07/10 13:08:34,0,0,0,1283,192,0,0,0,0,0,21.1,chrome,0,0,197,0.45,0.55,0.37,0.4,0.16,0.75,memo,
2018/07/10 13:08:39,0,0,0,0,0,0,0,0,0,0,0,chrome,0,0,157,0.31,0.54,0.26,0.2,-0.58,0.31,memo,
2018/07/10 13:08:44,0,0,0,450,147,0,0,0,0,0,7.2,chrome,0,0,155,0.4,0.21,0.39,0.1,-0.57,0.33,memo,
2018/07/10 13:08:49,0,0,0,0,0,0,0,0,0,0,0,chrome,0,0,181,0.35,0.53,0.32,0.2,-0.82,0.49,memo,
2018/07/10 13:08:54,0,0,0,1,1,0,0,0,0,0,0,chrome,0,0,238,0.5,0.71,0.49,0.4,-1.6,1,memo,
2018/07/10 13:08:59,1,0,0,2093,269,0,0,0,0,0,27.5,chrome,0,0,231,0.52,0.69,0.47,0.4,-1.47,0.94,memo,
2018/07/10 13:09:04,0,0,0,1269,297,0,0,0,0,0,15.9,chrome,0,0,238,0.5,0.71,0.49,0.4,-1.59,1,memo,
2018/07/10 13:09:09,0,0,0,559,63,0,0,0,0,0,65,chrome,0,0,230,0.49,0.69,0.47,0.3,-1.48,0.94,memo,
2018/07/10 13:09:14,1,0,0,1120,383,0,0,0,0,0,12.5,chrome,0,0,183,0.35,0.54,0.32,0.1,-0.68,0.49,memo,
2018/07/10 13:09:19,1,0,0,3569,322,0,0,0,0,0,54.9,WINWORD,0,0,216,0.64,0.6,0.53,0.7,-2.12,0.75,memo,
2018/07/10 13:09:24,4,0,0,3098,310,0,0,0,0,0,54.7,WINWORD,0,0,200,0.37,0.25,0.41,0.8,-1.41,0.77,memo,
2018/07/10 13:09:29,0,0,0,1797,386,0,0,0,0,0,14.4,WINWORD,0,0,230,0.52,0.23,0.48,0.4,-1.6,0.94,memo,
2018/07/10 13:09:34,0,0,0,1,1,0,0,0,0,0,3.1,WINWORD,0,0,237,0.5,0.24,0.5,0.4,-1.6,1,memo,
2018/07/10 13:09:39,0,0,0,0,0,0,0,0,0,0,0,WINWORD,0,0,211,0.37,0.28,0.46,0.3,-1.35,0.85,memo,
2018/07/10 13:09:44,0,0,0,0,0,0,0,0,0,0,0,WINWORD,0,0,206,0.47,0.16,0.44,0.3,-1.28,0.75,memo,
2018/07/10 13:09:49,0,0,0,0,0,0,0,0,0,0,0,WINWORD,0,0,237,0.5,0.24,0.5,0.4,-1.59,1,memo,
2018/07/10 13:09:54,0,0,0,0,0,0,0,0,0,0,0,WINWORD,0,0,239,0.5,0.24,0.5,0.5,-1.45,1,memo,
2018/07/10 13:09:59,0,0,0,0,0,0,0,0,0,0,0,WINWORD,0,0,164,0.34,0.14,0.32,0.1,-0.54,0.35,memo,
2018/07/10 13:10:04,0,0,0,0,0,0,0,0,0,0,0,WINWORD,0,0,198,0.33,0.22,0.36,0.2,-1,0.63,memo,
2018/07/10 13:10:09,0,0,0,0,0,0,0,0,0,0,0,WINWORD,0,0,241,0.49,0.24,0.5,0.4,-1.59,1,memo,
2018/07/10 13:10:14,0,0,0,0,0,0,0,0,0,0,0,WINWORD,0,0,218,0.45,0.23,0.46,0.3,-1.43,0.91,memo,
2018/07/10 13:10:19,0,0,0,0,0,0,0,0,0,0,0,WINWORD,0,0,213,0.47,0.22,0.26,0.3,-1.2,0.77,memo,
2018/07/10 13:10:24,0,0,0,0,0,0,0,0,0,0,0,WINWORD,0,0,200,0.36,0.27,0.43,0.3,-1.16,0.75,memo,
2018/07/10 13:10:29,0,0,0,0,0,0,0,0,0,0,0,WINWORD,0,0,239,0.49,0.24,0.5,0.4,-1.59,1,memo,
2018/07/10 13:10:34,0,0,0,0,0,0,0,0,0,0,0,WINWORD,0,0,240,0.48,0.57,0.5,0.5,-1.55,0.97,memo,
2018/07/10 13:10:39,0,0,0,0,0,0,0,0,0,0,0,WINWORD,0,0,241,0.48,0.93,0.5,0.4,-1.59,1,memo,
2018/07/10 13:10:44,0,0,0,2984,1045,0,0,0,0,0,13.6,WINWORD,0,0,243,0.49,0.72,0.5,0.4,2.03,0.94,memo,
2018/07/10 13:10:49,1,0,0,7713,1323,0,0,0,0,0,50.1,chrome,0,0,261,0.51,0.24,0.55,0.2,-3.12,1,memo,
2018/07/10 13:10:54,0,0,0,516,74,0,0,0,0,0,10.8,chrome,0,0,258,0.5,0.23,0.56,0.4,-1.64,1,memo,
2018/07/10 13:10:59,1,0,0,0,0,0,0,0,0,0,0,chrome,0,0,259,0.5,0.23,0.55,0.4,-1.62,1,memo,
2018/07/10 13:11:04,1,0,0,4529,351,0,0,0,0,0,43.5,WINWORD,0,0,251,0.48,0.22,0.53,0.2,-1.65,0.97,memo,
2018/07/10 13:11:09,0,0,0,2136,227,0,0,0,0,0,45.6,explorer,0,0,237,0.4,0.27,0.46,0.3,-1.44,0.77,memo,
2018/07/10 13:11:14,2,0,0,3619,382,0,0,0,0,0,53.1,chrome,0,0,258,0.5,0.23,0.54,0.4,-1.55,1,memo,
2018/07/10 13:11:19,1,0,0,1050,151,0,0,0,0,0,34.1,chrome,0,0,220,0.46,0.21,0.48,0.3,-1.31,0.83,memo,
2018/07/10 13:11:24,2,0,0,601,60,0,0,0,0,0,14.1,chrome,0,0,187,0.41,0.1,0.24,0.3,-0.75,0.44,memo,
2018/07/10 13:11:29,2,0,0,5992,776,0,0,0,0,0,93.5,WINWORD,0,0,196,0.36,0.16,0.31,0.2,-0.69,0.39,memo,
2018/07/10 13:11:34,1,0,0,5087,492,0,0,0,0,0,49.8,ShellExperienceHost,0,0,222,0.37,0.25,0.47,0.3,-1.21,0.69,memo,
2018/07/10 13:11:39,1,0,0,3569,525,0,0,0,0,0,43.8,explorer,0,0,221,0.47,0.22,0.37,0.4,-1.33,0.85,memo,
2018/07/10 13:11:44,3,0,0,6427,724,0,0,0,0,0,18.5,explorer,0,0,171,0.31,0,0.28,0,-0.28,0.22,memo,
2018/07/10 13:11:49,3,0,0,3965,617,0,0,0,0,0,28.6,explorer,0,0,233,0.42,0.24,0.43,0.3,-1.35,0.85,memo,
2018/07/10 13:11:54,2,0,0,527,59,0,0,0,0,0,21.1,explorer,0,0,192,0.4,0.15,0.31,0.2,-0.97,0.61,memo,
2018/07/10 13:11:59,3,0,0,2620,385,0,0,0,0,0,22.3,POWERPNT,0,0,150,0.26,0.25,0.12,-0.1,-0.11,0.17,memo,
2018/07/10 13:12:04,1,0,0,4261,496,0,0,0,0,0,43.9,WINWORD,0,0,148,0.19,0.06,0.28,0.3,-0.45,0.21,memo,
2018/07/10 13:12:09,0,0,0,1063,440,0,4,0,2,1,17.3,WINWORD,0,0,170,0.4,0.16,0.32,0.2,-0.52,0.4,memo,
2018/07/10 13:12:14,0,0,0,1392,232,0,0,0,0,0,43.3,WINWORD,0,0,174,0.36,0.18,0.24,0,-0.34,0.29,memo,
2018/07/10 13:12:19,1,0,0,42,22,0,0,0,0,0,11.3,Idle,0,0,181,0.4,0.17,0.31,0.2,-0.74,0.37,memo,
2018/07/10 13:12:24,0,0,0,0,0,0,0,0,0,0,0,Idle,0,0,221,0.36,0.19,0.31,0.3,-1.07,0.72,memo,
2018/07/10 13:12:29,0,0,0,10,7,0,0,0,0,0,4,WINWORD,0,0,256,0.51,0.23,0.52,0.4,-1.58,1,memo,
2018/07/10 13:12:34,1,0,0,1933,786,0,0,0,0,0,36.6,ShellExperienceHost,0,0,233,0.43,0.25,0.48,0.3,-1.35,0.82,memo,
2018/07/10 13:12:39,0,0,0,6643,1315,0,0,0,0,0,45.5,POWERPNT,0,0,237,0.38,0.23,0.5,0.3,-1.25,0.83,memo,
2018/07/10 13:12:44,0,0,0,5331,905,0,4,0,0,0,57.4,WINWORD,0,0,235,0.47,0.24,0.48,0.3,-1.52,0.82,memo,
2018/07/10 13:12:49,0,0,0,0,0,0,3,0,0,3,0,WINWORD,0,0,167,0.22,0.1,0.32,0.2,-0.54,0.24,memo,
2018/07/10 13:12:54,0,0,0,0,0,0,9,0,0,5,0,WINWORD,0,0,239,0.47,0.22,0.49,0.3,-1.39,0.79,memo,
2018/07/10 13:12:59,0,0,0,0,0,0,6,0,0,3,0,WINWORD,0,0,221,0.49,0.2,0.45,0.3,-1.34,0.76,memo,
2018/07/10 13:13:04,0,0,0,0,0,0,8,0,5,2,0,WINWORD,0,0,223,0.5,0.2,0.46,0.4,-1.4,0.77,memo,
2018/07/10 13:13:09,0,0,0,0,0,0,6,0,2,3,0,WINWORD,0,0,230,0.49,0.21,0.47,0.3,-1.41,0.82,memo,
2018/07/10 13:13:14,0,0,0,0,0,0,2,0,0,0,0,WINWORD,0,0,243,0.48,0.22,0.5,0.4,-1.54,0.94,memo,
2018/07/10 13:13:19,0,0,0,0,0,0,4,0,0,4,0,WINWORD,0,0,251,0.5,0.23,0.52,0.4,-1.59,1,memo,
2018/07/10 13:13:24,0,0,0,0,0,0,9,0,0,2,0,WINWORD,0,0,252,0.5,0.23,0.51,0.4,-1.66,1,memo,
2018/07/10 13:13:29,0,0,0,1187,164,0,2,0,0,32,18.5,WINWORD,0,0,224,0.47,0.2,0.45,0.4,-1.34,0.83,memo,
2018/07/10 13:13:34,0,0,0,262,25,0,0,0,0,0,35.3,WINWORD,0,0,181,0.31,0.22,0.39,0.1,-0.65,0.43,memo,
2018/07/10 13:13:39,0,0,0,325,56,0,6,0,1,2,32.8,WINWORD,0,0,169,0.35,0.2,0.25,0.1,-0.58,0.34,memo,
2018/07/10 13:13:44,0,0,0,0,0,0,3,0,0,3,0,WINWORD,0,0,208,0.43,0.15,0.43,0.3,-1.23,0.68,memo,
2018/07/10 13:13:49,0,0,0,0,0,0,8,0,0,3,0,WINWORD,0,0,196,0.44,0.11,0.41,0.2,-0.74,0.44,memo,
2018/07/10 13:13:54,0,0,0,0,0,0,10,0,0,7,0,WINWORD,0,0,163,0.17,0.28,0.09,0.1,-0.36,0.2,memo,
2018/07/10 13:13:59,2,0,0,1812,293,0,0,0,1,1,32.5,WINWORD,0,0,182,0.44,0.17,0.25,0.3,-0.73,0.44,memo,
2018/07/10 13:14:04,3,0,0,1713,222,0,0,0,0,0,69.6,WINWORD,0,0,252,0.5,0.23,0.52,0.3,-1.58,1,memo,
2018/07/10 13:14:09,5,0,0,974,64,0,0,0,0,0,43.4,WINWORD,0,0,251,0.5,0.23,0.52,0.4,-1.61,1,memo,
2018/07/10 13:14:14,1,0,0,231,97,0,7,0,3,3,3,WINWORD,0,0,252,0.5,0.23,0.51,0.3,-1.62,1,memo,
2018/07/10 13:14:19,0,0,0,7943,1002,0,0,0,0,0,69.2,WINWORD,0,0,175,0.4,0.14,0.12,0.3,-0.66,0.43,memo,
2018/07/10 13:14:24,0,0,0,0,0,0,6,0,3,1,0,WINWORD,0,0,143,0.38,0,0.17,0.1,-0.32,0.21,memo,
2018/07/10 13:14:29,0,0,0,0,0,0,4,0,1,4,0,WINWORD,0,0,166,0.36,0.12,0.18,0,-0.38,0.22,memo,
2018/07/10 13:14:34,0,0,0,0,0,0,7,0,0,4,0,WINWORD,0,0,151,0.28,0.05,0.25,0.1,-0.55,0.33,memo,
2018/07/10 13:14:39,0,0,0,0,0,0,8,0,0,4,0,WINWORD,0,0,165,0.35,0.13,0.24,0.3,-0.57,0.28,memo,
2018/07/10 13:14:44,0,0,0,4239,702,0,0,0,0,1,17.1,WINWORD,0,0,237,0.52,0.33,0.48,0.6,-1.16,0.85,memo,
2018/07/10 13:14:49,0,0,0,3898,368,0,0,0,0,0,58,POWERPNT,0,0,251,0.5,0.23,0.53,0,-1.83,1,memo,
2018/07/10 13:14:54,0,0,0,3466,657,0,0,0,0,0,59.1,POWERPNT,0,0,249,0.5,0.23,0.53,0.3,-1.64,1,memo,
2018/07/10 13:14:59,0,0,0,2391,654,0,0,0,0,1,38.6,WINWORD,0,0,249,0.5,0.23,0.53,0.4,-1.74,1,memo,
2018/07/10 13:15:04,0,0,0,0,0,0,8,0,0,3,0,WINWORD,0,0,247,0.5,0.23,0.52,0.5,-1.74,1,memo,
2018/07/10 13:15:09,0,0,0,0,0,0,0,0,0,1,0,WINWORD,0,0,247,0.5,0.23,0.52,0.4,-1.54,1,memo,
2018/07/10 13:15:14,0,0,0,0,0,0,3,0,3,1,0,WINWORD,0,0,218,0.47,0.2,0.46,0.3,-1.26,0.76,memo,
2018/07/10 13:15:19,0,0,0,0,0,0,0,0,2,0,0,WINWORD,0,0,239,0.48,0.22,0.5,0.2,-1.52,0.94,memo,
2018/07/10 13:15:24,0,0,0,0,0,0,9,0,0,3,0,WINWORD,0,0,245,0.5,0.23,0.52,0.5,-1.72,1,memo,
2018/07/10 13:15:29,0,0,0,0,0,0,4,0,7,2,0,WINWORD,0,0,246,0.5,0.23,0.52,0.3,-1.62,1,memo,
2018/07/10 13:15:34,0,0,0,0,0,0,7,0,1,6,0,WINWORD,0,0,178,0.49,0.21,0.36,0.3,-1.14,0.7,memo,
2018/07/10 13:15:39,0,0,0,0,0,0,7,0,2,3,0,WINWORD,0,0,206,0.37,0.01,0.46,0.4,-1.02,0.72,memo,
2018/07/10 13:15:44,0,0,0,0,0,0,2,0,4,1,0,WINWORD,0,0,247,0.5,0.23,0.52,0.4,-1.53,1,memo,
2018/07/10 13:15:49,0,0,0,0,0,0,2,0,0,2,0,WINWORD,0,0,246,0.5,0.23,0.52,0.3,-1.57,1,memo,
2018/07/10 13:15:54,0,0,0,0,0,0,4,0,1,2,0,WINWORD,0,0,192,0.41,0.15,0.44,0.3,-1.33,0.8,memo,
2018/07/10 13:15:59,0,0,0,0,0,0,5,0,1,2,0,WINWORD,0,0,232,0.46,0.22,0.47,0.3,-1.46,0.88,memo,
2018/07/10 13:16:04,0,0,0,2148,396,0,0,0,5,0,46.8,WINWORD,0,0,245,0.5,0.23,0.52,0.5,-1.52,1,memo,
2018/07/10 13:16:09,0,0,0,399,60,0,4,0,0,1,30.2,WINWORD,0,0,246,0.5,0.23,0.52,0.3,-1.76,1,memo,
2018/07/10 13:16:14,0,0,0,6162,917,0,1,0,0,2,62.2,WINWORD,0,0,246,0.5,0.23,0.52,0.4,-1.46,1,memo,
2018/07/10 13:16:19,0,0,0,229,141,0,4,0,0,3,3.7,WINWORD,0,0,245,0.5,0.23,0.52,0.3,-1.68,1,memo,
2018/07/10 13:16:24,0,0,0,0,0,0,9,0,0,4,0,WINWORD,0,0,245,0.5,0.23,0.52,0.4,-1.64,1,memo,
2018/07/10 13:16:29,0,0,0,0,0,0,7,0,5,4,0,WINWORD,0,0,245,0.5,0.23,0.52,0.3,-1.66,1,memo,
2018/07/10 13:16:34,0,0,0,0,0,0,6,0,3,3,0,WINWORD,0,0,224,0.49,0.2,0.46,0.4,-1.29,0.82,memo,
2018/07/10 13:16:39,0,0,0,0,0,0,5,0,1,6,0,WINWORD,0,0,237,0.5,0.24,0.44,0.4,-1.47,0.94,memo,
2018/07/10 13:16:44,0,0,0,0,0,0,8,0,3,3,0,WINWORD,0,0,238,0.48,0.23,0.48,0.3,-1.51,0.94,memo,
2018/07/10 13:16:49,0,0,0,0,0,0,10,0,0,5,0,WINWORD,0,0,236,0.5,0.17,0.52,0.4,-1.54,0.94,memo,
2018/07/10 13:16:54,0,0,0,1786,326,0,0,0,0,2,17.8,POWERPNT,0,0,224,0.49,0.13,0.45,0.3,-1.21,0.82,memo,
2018/07/10 13:16:59,0,0,0,1995,744,0,8,0,0,2,31.2,WINWORD,0,0,245,0.5,0.23,0.52,0.4,-1.75,1,memo,
2018/07/10 13:17:04,0,0,0,0,0,0,6,0,1,5,0,WINWORD,0,0,244,0.5,0.23,0.52,0.4,-1.49,1,memo,
2018/07/10 13:17:09,0,0,0,0,0,0,7,0,1,3,0,WINWORD,0,0,244,0.5,0.23,0.52,0.4,-1.61,1,memo,
2018/07/10 13:17:14,0,0,0,0,0,0,6,0,0,4,0,WINWORD,0,0,164,0.35,0.01,0.11,0.1,-0.4,0.3,memo,
2018/07/10 13:17:19,0,0,0,0,0,0,6,0,1,3,0,WINWORD,0,0,231,0.48,0.21,0.43,0.4,-1.38,0.88,memo,
2018/07/10 13:17:24,0,0,0,0,0,0,6,0,0,4,0,WINWORD,0,0,213,0.41,0.23,0.44,0.3,-1.19,0.73,memo,
2018/07/10 13:17:29,0,0,0,0,0,0,4,0,1,3,0,WINWORD,0,0,194,0.39,0.14,0.4,0.2,-0.86,0.52,memo,
2018/07/10 13:17:34,0,0,0,0,0,0,10,0,0,4,0,WINWORD,0,0,157,0.32,0.15,0.21,0.1,-0.38,0.26,memo,
2018/07/10 13:17:39,0,0,0,0,0,0,3,0,3,2,0,WINWORD,0,0,189,0.37,0.21,0.4,0.3,-0.88,0.52,memo,
2018/07/10 13:17:44,0,0,0,0,0,0,7,0,0,4,0,WINWORD,0,0,177,0.37,0.03,0.3,0.2,-0.64,0.38,memo,
2018/07/10 13:17:49,0,0,0,0,0,0,5,0,3,1,0,WINWORD,0,0,174,0.35,0.23,0.27,0.3,-0.61,0.36,memo,
2018/07/10 13:17:54,0,0,0,0,0,0,9,0,1,5,0,WINWORD,0,0,235,0.5,0.22,0.43,0.4,-1.46,0.94,memo,
2018/07/10 13:17:59,0,0,0,0,0,0,13,0,0,3,0,WINWORD,0,0,244,0.5,0.23,0.52,0.4,-1.59,1,memo,
2018/07/10 13:18:04,0,0,0,0,0,0,8,0,0,5,0,WINWORD,0,0,243,0.5,0.23,0.52,0.4,-1.63,1,memo,
2018/07/10 13:18:09,0,0,0,0,0,0,4,0,0,2,0,WINWORD,0,0,215,0.47,0.22,0.49,0.4,-1.48,0.94,memo,
2018/07/10 13:18:14,0,0,0,0,0,0,9,0,4,3,0,WINWORD,0,0,165,0.41,0.16,0.28,0.2,-0.72,0.35,memo,
2018/07/10 13:18:19,0,0,0,0,0,0,6,0,0,3,0,WINWORD,0,0,214,0.42,0.19,0.46,0.4,-1.17,0.69,memo,
2018/07/10 13:18:24,0,0,0,8597,789,0,2,0,0,4,53.7,WINWORD,0,0,238,0.48,0.22,0.5,0.3,-1.48,0.97,memo,
2018/07/10 13:18:29,0,0,0,2159,625,0,2,0,0,0,40.5,WINWORD,0,0,244,0.5,0.23,0.52,0.4,-1.72,1,memo,
2018/07/10 13:18:34,0,0,0,0,0,0,11,0,0,2,0,WINWORD,0,0,191,0.4,0.12,0.26,0.3,-0.94,0.61,memo,
2018/07/10 13:18:39,0,0,0,2903,511,0,0,0,6,1,50.7,WINWORD,0,0,153,0.32,0.08,0.15,0.1,-0.35,0.19,memo,
2018/07/10 13:18:44,0,0,0,0,0,0,5,0,0,3,0,WINWORD,0,0,197,0.43,0.15,0.25,0.3,-1.04,0.67,memo,
2018/07/10 13:18:49,0,0,0,0,0,0,12,0,0,5,0,WINWORD,0,0,159,0.38,0.17,0.08,0.1,-0.53,0.33,memo,
2018/07/10 13:18:54,0,0,0,0,0,0,4,0,0,5,0,WINWORD,0,0,151,0.21,0.2,0.25,0.2,-0.44,0.25,memo,
2018/07/10 13:18:59,0,0,0,0,0,0,6,0,0,6,0,WINWORD,0,0,201,0.4,0.16,0.41,0.3,-1.08,0.56,memo,
2018/07/10 13:19:04,0,0,0,0,0,0,14,0,0,5,0,WINWORD,0,0,147,0.26,0.18,0.2,0,-0.37,0.28,memo,
2018/07/10 13:19:09,0,0,0,5453,860,0,0,0,0,3,55.2,WINWORD,0,0,244,0.5,0.23,0.52,0.4,-1.21,1,memo,
2018/07/10 13:19:14,0,0,0,2583,686,0,3,0,0,2,6,WINWORD,0,0,184,0.35,0.22,0.4,0.3,-1.2,0.64,memo,
2018/07/10 13:19:19,1,0,0,9477,876,0,0,0,0,0,65.2,WINWORD,0,0,145,0.26,-0.07,0.31,0.1,-0.31,0.19,memo,
2018/07/10 13:19:24,0,0,0,2773,863,0,4,0,2,2,20.7,POWERPNT,0,0,206,0.49,0.14,0.46,0.2,-1.08,0.65,memo,
2018/07/10 13:19:29,0,0,0,4502,888,0,0,0,0,0,25.5,WINWORD,0,0,206,0.43,0.22,0.44,0.3,-1.21,0.73,memo,
2018/07/10 13:19:34,0,0,0,1968,303,0,0,0,0,0,46.2,WINWORD,0,0,242,0.5,0.23,0.52,0.5,-1.59,1,memo,
2018/07/10 13:19:39,0,0,0,372,61,0,0,0,0,0,42.3,WINWORD,0,0,149,0.3,0.21,0.07,0.4,-0.48,0.25,memo,
2018/07/10 13:19:44,0,0,0,83,20,0,0,0,0,0,1.5,WINWORD,0,0,183,0.37,0.19,0.39,0.2,-0.96,0.52,memo,
2018/07/10 13:19:49,0,0,0,105,46,0,0,0,0,0,5.1,WINWORD,0,0,178,0.48,0.1,0.32,0.3,-0.71,0.42,memo,
2018/07/10 13:19:54,0,0,0,458,46,0,0,0,0,0,59.9,WINWORD,0,0,228,0.51,0.16,0.49,0.4,-1.49,0.85,memo,
2018/07/10 13:19:59,0,0,0,112,23,0,0,0,0,0,6.2,WINWORD,0,0,230,0.45,0.23,0.48,0.2,-1.4,0.88,memo,
2018/07/10 13:20:04,0,0,0,153,55,0,0,0,0,0,1.1,WINWORD,0,0,215,0.44,0.27,0.36,0.2,-1.2,0.74,memo,
2018/07/10 13:20:09,0,0,0,2103,372,0,0,0,0,0,40.7,POWERPNT,0,0,165,0.39,0,0.22,0.2,-0.53,0.3,memo,
2018/07/10 13:20:14,0,0,0,2887,337,0,0,0,0,0,62.9,POWERPNT,0,0,197,0.4,0.17,0.45,0.3,-1.17,0.69,memo,
2018/07/10 13:20:19,0,0,0,1384,260,0,0,0,0,2,51.2,WINWORD,0,0,239,0.5,0.23,0.53,0.3,-1.62,1,memo,
2018/07/10 13:20:24,0,0,0,0,0,0,6,0,0,3,0,WINWORD,0,0,169,0.37,0.12,0.21,0.2,-0.71,0.44,memo,
2018/07/10 13:20:29,0,0,0,0,0,0,7,0,1,5,0,WINWORD,0,0,237,0.5,0.23,0.52,0.3,-1.6,0.97,memo,
2018/07/10 13:20:34,0,0,0,0,0,0,0,0,4,3,0,WINWORD,0,0,229,0.48,0.22,0.5,0.5,-1.63,0.94,memo,
2018/07/10 13:20:39,0,0,0,0,0,0,5,0,0,0,0,WINWORD,0,0,236,0.5,0.23,0.52,0.3,-1.72,1,memo,
2018/07/10 13:20:44,0,0,0,0,0,0,5,0,0,0,0,WINWORD,0,0,228,0.43,0.25,0.5,0.4,-1.55,0.91,memo,
2018/07/10 13:20:49,0,0,0,0,0,0,5,0,0,0,0,WINWORD,0,0,230,0.43,0.25,0.5,0.4,-1.52,0.94,memo,
2018/07/10 13:20:54,0,0,0,2751,420,0,0,0,0,0,52.5,WINWORD,0,0,231,0.48,0.22,0.51,0.8,-0.92,0.97,memo,
2018/07/10 13:20:59,0,0,0,3035,769,0,0,0,0,0,30.8,Datalogging,0,0,243,0.5,0.23,0.53,0.4,-1.68,1,memo,
2018/07/10 13:21:04,2,0,0,515,88,0,0,0,0,0,40.2,Datalogging,0,0,236,0.48,0.23,0.51,0.4,-1.68,0.94,memo,
2018/07/10 13:21:09,1,0,0,163,26,0,0,0,0,0,40.8,Datalogging,0,0,244,0.5,0.23,0.53,0.4,-1.62,1,memo,
2018/07/10 13:21:14,0,0,0,3908,366,0,0,0,0,0,56.7,WINWORD,0,0,242,0.5,0.23,0.53,0.4,-1.51,1,memo,
2018/07/10 13:21:19,0,0,0,1633,384,0,0,0,0,0,43.1,WINWORD,0,0,242,0.5,0.23,0.52,0.3,-1.58,1,memo,
2018/07/10 13:21:24,0,0,0,0,0,0,0,0,0,0,0,WINWORD,0,0,202,0.33,0.19,0.45,0.1,-1.01,0.68,memo,
2018/07/10 13:21:29,0,0,0,276,185,0,0,0,0,0,3,WINWORD,0,0,191,0.4,-0.07,0.19,0.2,-0.66,0.42,memo,
2018/07/10 13:21:34,0,0,0,3139,417,0,0,0,0,0,51.4,WINWORD,0,0,221,0.39,0.24,0.48,0.4,-1.32,0.83,memo,
2018/07/10 13:21:39,0,0,0,838,283,0,2,0,4,1,21.6,WINWORD,0,0,240,0.5,0.23,0.52,0.3,-1.75,1,memo,
2018/07/10 13:21:44,2,0,0,2431,640,0,0,0,0,2,42.9,WINWORD,0,0,148,0.25,0.1,0.19,0.1,-0.39,0.2,memo,
2018/07/10 13:21:49,0,0,0,1,1,0,7,0,2,1,6.3,WINWORD,0,0,180,0.48,0.1,0.36,0.2,-1.14,0.67,memo,
2018/07/10 13:21:54,0,0,0,0,0,0,7,0,2,5,0,WINWORD,0,0,145,0.36,0.08,0.2,0.1,-0.54,0.33,memo,
2018/07/10 13:21:59,0,0,0,855,180,0,1,0,1,2,30.6,WINWORD,0,0,148,0.19,0.62,0.53,0,-0.33,0.24,memo,
2018/07/10 13:22:04,0,0,0,1671,216,0,0,0,0,1,40.7,WINWORD,0,0,181,0.32,0.14,0.32,0.3,-1.07,0.44,memo,
2018/07/10 13:22:09,0,0,0,495,217,0,0,0,0,1,19.6,WINWORD,0,0,150,0.27,0.05,0.22,0.2,-0.49,0.32,memo,
2018/07/10 13:22:14,0,0,0,3007,261,0,0,0,0,2,85.6,WINWORD,0,0,249,0.5,0.24,0.51,0.4,-1.64,1,memo,
2018/07/10 13:22:19,0,0,0,11858,1406,0,0,0,0,2,69.1,WINWORD,0,0,248,0.5,0.24,0.51,0.4,-1.61,1,memo,
2018/07/10 13:22:24,0,0,0,1399,470,0,0,0,2,3,31,WINWORD,0,0,248,0.5,0.24,0.5,0.4,-1.61,1,memo,
2018/07/10 13:22:29,0,0,0,6108,911,0,0,0,0,1,46.2,WINWORD,0,0,249,0.5,0.23,0.5,0.4,-1.61,1,memo,
2018/07/10 13:22:34,0,0,0,1987,213,0,0,0,0,4,57.7,WINWORD,0,0,227,0.46,0.22,0.39,0.3,-1.33,0.83,memo,
2018/07/10 13:22:39,0,0,0,5169,376,0,0,0,0,2,36.8,WINWORD,0,0,188,0.4,0.14,0.24,0.3,-0.97,0.54,memo,
2018/07/10 13:22:44,0,0,0,6100,423,0,0,0,0,0,61.9,WINWORD,0,0,175,0.31,0.24,0.34,0.3,-0.67,0.2,memo,
2018/07/10 13:22:49,0,0,0,41,27,0,1,0,3,1,4.2,WINWORD,0,0,198,0.41,0.13,0.3,0.2,-0.9,0.55,memo,
2018/07/10 13:22:54,0,0,0,0,0,0,4,0,0,1,0,WINWORD,0,0,240,0.48,0.23,0.48,0.4,-1.57,0.97,memo,
2018/07/10 13:22:59,0,0,0,0,0,0,6,0,3,1,0,WINWORD,0,0,248,0.5,0.24,0.5,0.4,-1.57,1,memo,
2018/07/10 13:23:04,0,0,0,0,0,0,0,0,4,0,0,WINWORD,0,0,215,0.41,0.23,0.43,0.3,-1.28,0.75,memo,
2018/07/10 13:23:09,0,0,0,0,0,0,9,0,4,4,0,WINWORD,0,0,248,0.5,0.24,0.5,0.4,-1.64,1,memo,
2018/07/10 13:23:14,0,0,0,0,0,0,1,0,0,1,0,WINWORD,0,0,240,0.48,0.23,0.48,0.3,-1.45,0.91,memo,
2018/07/10 13:23:19,0,0,0,1,1,0,3,0,0,2,3.1,WINWORD,0,0,220,0.43,0.24,0.44,0.3,-1.28,0.77,memo,
2018/07/10 13:23:24,0,0,0,0,0,0,4,0,0,3,0,WINWORD,0,0,214,0.47,0.24,0.31,0.4,-1.21,0.69,memo,
2018/07/10 13:23:29,0,0,0,0,0,0,2,0,0,3,0,WINWORD,0,0,248,0.5,0.23,0.5,0.4,-1.73,1,memo,
2018/07/10 13:23:34,0,0,0,0,0,0,0,0,0,0,0,WINWORD,0,0,247,0.5,0.23,0.5,0.4,-1.58,1,memo,
2018/07/10 13:23:39,0,0,0,0,0,0,5,0,5,0,0,WINWORD,0,0,247,0.5,0.23,0.5,0.3,-1.62,1,memo,
2018/07/10 13:23:44,0,0,0,0,0,0,8,0,0,6,0,WINWORD,0,0,218,0.47,0.16,0.46,0.4,-1.31,0.77,memo,
2018/07/10 13:23:49,0,0,0,7035,515,0,2,0,0,3,55.2,WINWORD,0,0,246,0.5,0.24,0.5,0.5,-1.6,1,memo,
2018/07/10 13:23:54,0,0,0,2812,402,0,1,0,2,1,44.6,WINWORD,0,0,190,0.39,0.21,0.4,0.2,-1.17,0.76,memo,
2018/07/10 13:23:59,0,0,0,3233,307,0,0,0,0,0,51.9,WINWORD,0,0,146,0.33,0.15,0.13,0.2,-0.38,0.15,memo,
2018/07/10 13:24:04,0,0,0,4051,690,0,0,0,0,3,47.2,WINWORD,0,0,179,0.39,0.2,0.25,0.3,-0.76,0.38,memo,
2018/07/10 13:24:09,0,0,0,0,0,0,0,0,1,3,0,WINWORD,0,0,182,0.43,0.15,0.3,0.2,-0.83,0.48,memo,
2018/07/10 13:24:14,0,0,0,0,0,0,0,0,2,1,0,WINWORD,0,0,204,0.42,0.13,0.39,0.1,-0.95,0.63,memo,
2018/07/10 13:24:19,0,0,0,645,152,0,0,0,1,3,11.2,WINWORD,0,0,206,0.46,0.18,0.31,0.3,-0.96,0.56,memo,
2018/07/10 13:24:24,0,0,0,4414,661,0,0,0,1,1,54.2,WINWORD,0,0,245,0.5,0.24,0.5,0.3,-1.56,1,memo,
2018/07/10 13:24:29,0,0,0,2,1,0,0,0,1,5,1.6,WINWORD,0,0,246,0.5,0.23,0.5,0.4,-1.68,1,memo,
2018/07/10 13:24:34,0,0,0,542,100,0,0,0,1,3,22,WINWORD,0,0,246,0.5,0.23,0.5,0.4,-1.58,1,memo,
2018/07/10 13:24:39,0,0,0,2451,382,0,0,0,0,3,20.4,WINWORD,0,0,246,0.5,0.24,0.5,0.3,-1.6,1,memo,
2018/07/10 13:24:44,0,0,0,0,0,0,3,0,0,5,0,WINWORD,0,0,245,0.5,0.23,0.5,0.4,-1.66,1,memo,
2018/07/10 13:24:49,0,0,0,0,0,0,4,0,0,5,0,WINWORD,0,0,245,0.5,0.23,0.5,0.4,-1.59,1,memo,
2018/07/10 13:24:54,0,0,0,3148,292,0,1,0,0,1,29.2,WINWORD,0,0,237,0.55,0.18,0.5,0.4,-1.51,0.94,memo,
2018/07/10 13:24:59,0,0,0,0,0,0,0,0,6,0,0,WINWORD,0,0,245,0.5,0.23,0.51,0.4,-1.63,1,memo,
2018/07/10 13:25:04,0,0,0,0,0,0,4,0,0,0,0,WINWORD,0,0,245,0.5,0.23,0.51,0.4,-1.6,0.97,memo,
2018/07/10 13:25:09,0,0,0,2,1,0,0,0,0,3,3.1,WINWORD,0,0,222,0.5,0.16,0.47,0.3,-1.37,0.85,memo,
2018/07/10 13:25:14,0,0,0,0,0,0,5,0,0,3,0,WINWORD,0,0,244,0.5,0.23,0.5,0.4,-1.63,1,memo,
2018/07/10 13:25:19,0,0,0,1495,247,0,0,0,0,3,13.9,WINWORD,0,0,164,0.08,0.24,0.18,0.2,-0.39,0.23,memo,
2018/07/10 13:25:24,0,0,0,0,0,0,0,0,0,1,0,WINWORD,0,0,181,0.42,0.16,0.33,0.3,-0.87,0.43,memo,
2018/07/10 13:25:29,0,0,0,0,0,0,3,0,0,1,0,WINWORD,0,0,243,0.5,0.23,0.5,0.3,-1.62,0.97,memo,
2018/07/10 13:25:34,0,0,0,7619,1099,0,0,0,0,1,78.1,WINWORD,0,0,191,0.25,0.24,0.23,0.5,-0.86,0.56,memo,
2018/07/10 13:25:39,0,0,0,59,35,0,0,0,0,0,1.6,WINWORD,0,0,165,0.36,0.2,0.33,0.2,-0.85,0.33,memo,
2018/07/10 13:25:44,0,0,0,1064,251,0,0,0,0,0,28.9,WINWORD,0,0,226,0.48,0.22,0.49,0.3,-1.93,0.97,memo,
2018/07/10 13:25:49,1,0,0,2153,244,0,0,0,0,0,68.6,WINWORD,0,0,174,0.4,0.12,0.22,0.2,-0.69,0.46,memo,
2018/07/10 13:25:54,2,0,0,1785,338,0,0,0,0,0,53.3,WINWORD,0,0,213,0.4,0.24,0.44,0.3,-1.25,0.77,memo,
2018/07/10 13:25:59,2,0,0,2380,332,0,0,0,0,0,57.4,WINWORD,0,0,179,0.45,0.14,0.39,0.3,-1.05,0.53,memo,
2018/07/10 13:26:04,3,0,0,4829,566,0,0,0,0,0,67,WINWORD,0,0,218,0.44,0.19,0.48,0.3,-1.32,0.79,memo,
2018/07/10 13:26:09,2,0,0,3469,492,0,0,0,0,0,71.1,WINWORD,0,0,150,0.44,0.04,0.18,0.2,-0.58,0.29,memo,
2018/07/10 13:26:14,1,0,0,2323,375,0,0,0,0,0,67.9,WINWORD,0,0,194,0.48,0.11,0.33,0.3,-1.04,0.62,memo,
2018/07/10 13:26:19,4,0,0,5608,585,0,0,0,0,0,63.1,WINWORD,0,0,238,0.5,0.23,0.51,0.4,-1.61,1,memo,
2018/07/10 13:26:24,0,0,0,652,80,0,0,0,0,0,69.5,WINWORD,0,0,210,0.46,0.11,0.46,0.2,-1.09,0.74,memo,
2018/07/10 13:26:29,0,0,0,1342,156,0,0,0,0,2,36.4,WINWORD,0,0,208,0.45,0.22,0.34,0.2,-0.78,0.79,memo,
2018/07/10 13:26:34,0,0,0,2995,419,0,2,0,0,1,35.6,WINWORD,0,0,242,0.5,0.23,0.51,0.3,-1.74,1,memo,
2018/07/10 13:26:39,0,0,0,56,22,0,0,0,0,0,6.3,WINWORD,0,0,194,0.51,0.2,0.37,0.4,-1.47,0.72,memo,
2018/07/10 13:26:44,0,0,0,0,0,0,0,0,0,0,0,WINWORD,0,0,145,0.39,0.09,-0.01,0.1,-0.41,0.24,memo,
2018/07/10 13:26:49,0,0,0,0,0,0,0,0,0,0,0,WINWORD,0,0,233,0.5,0.23,0.52,0.4,-1.61,1,memo,
2018/07/10 13:26:54,0,0,0,0,0,0,0,0,0,0,0,WINWORD,0,0,154,0.35,0.16,0.1,0.1,-0.52,0.35,memo,
2018/07/10 13:26:59,0,0,0,0,0,0,0,0,0,0,0,WINWORD,0,0,232,0.5,0.23,0.52,0.4,-1.69,0.97,memo,
2018/07/10 13:27:04,1,0,0,573,168,0,0,0,0,0,16.8,WINWORD,0,0,218,0.51,0.56,0.5,0,-3.27,0.9,memo,
2018/07/10 13:27:09,1,0,0,36,17,0,0,0,0,0,0.3,WINWORD,0,0,176,0.46,0.6,0.42,0.3,-1.33,0.81,memo,
2018/07/10 13:27:14,1,0,0,428,170,0,0,0,0,0,15.6,WINWORD,0,0,161,0.26,0.53,0.37,0.3,-0.96,0.52,memo,
2018/07/10 13:27:19,3,0,0,383,63,0,0,0,0,0,41.7,WINWORD,0,0,134,0.39,0.31,0.23,0,-0.34,0.27,memo,
2018/07/10 13:27:24,2,0,0,110,42,0,0,0,0,0,3.4,WINWORD,0,0,159,0.48,0.37,0.39,0.2,-0.84,0.5,memo,
2018/07/10 13:27:29,1,0,0,265,89,0,0,0,0,0,13.4,WINWORD,0,0,156,0.37,0.51,0.21,0.2,0.23,0.38,memo,
2018/07/10 13:27:34,0,0,0,1043,254,0,0,0,0,0,33.5,WINWORD,0,0,198,0.47,0.6,0.45,0.3,-1.24,0.75,memo,
2018/07/10 13:27:39,1,0,0,1567,250,0,0,0,0,0,32.3,WINWORD,0,0,177,0.35,0.51,0.22,0.1,-0.92,0.54,memo,
2018/07/10 13:27:44,1,0,0,1024,274,0,0,0,0,0,14.3,WINWORD,0,0,158,0.42,0.42,0.23,0.2,-0.46,0.28,memo,
2018/07/10 13:27:49,0,0,0,1564,221,0,0,0,0,0,37.7,WINWORD,0,0,205,0.53,0.65,0.44,0.3,-1.18,0.67,memo,
2018/07/10 13:27:54,2,0,0,879,186,0,0,0,0,0,8.6,WINWORD,0,0,230,0.5,0.73,0.49,0.4,-1.6,1,memo,
2018/07/10 13:27:59,0,0,0,199,41,0,0,0,0,0,4,WINWORD,0,0,138,0.3,0.3,0.21,0,-0.14,0.1,memo,
2018/07/10 13:28:04,0,0,0,184,41,0,0,0,0,0,19.2,WINWORD,0,0,192,0.43,0.56,0.31,0.3,-1.13,0.65,memo,
2018/07/10 13:28:09,2,0,0,1207,198,0,0,0,0,0,25.1,WINWORD,0,0,145,0.35,0.39,0.14,0.1,-0.47,0.31,memo,
2018/07/10 13:28:14,5,0,0,335,98,0,0,0,0,0,26.9,WINWORD,0,0,182,0.41,0.53,0.36,0.1,-0.96,0.67,memo,
2018/07/10 13:28:19,2,0,0,1231,179,0,0,0,0,0,29.2,WINWORD,0,0,199,0.41,0.65,0.43,0.2,-1.21,0.8,memo,
2018/07/10 13:28:24,0,0,0,999,167,0,0,0,1,0,31,WINWORD,0,0,189,0.45,0.53,0.36,0.2,-1.07,0.68,memo,
2018/07/10 13:28:29,0,0,0,480,42,0,0,0,0,0,34.9,WINWORD,0,0,149,0.35,0.38,0.3,0.1,-0.42,0.18,memo,
2018/07/10 13:28:34,0,0,0,1362,612,0,0,0,0,0,38.5,WINWORD,0,0,169,0.52,0.42,0.31,0.2,-0.7,0.37,memo,
2018/07/10 13:28:39,0,0,0,843,80,0,0,0,0,1,51.7,WINWORD,0,0,183,0.43,0.43,0.35,0.2,-0.91,0.55,memo,
2018/07/10 13:28:44,3,0,0,1936,310,0,0,0,0,0,33.6,WINWORD,0,0,156,0.28,0.45,0.28,0.2,-0.53,0.25,memo,
2018/07/10 13:28:49,3,0,0,1382,149,0,0,0,0,1,39.4,WINWORD,0,0,173,0.4,0.47,0.37,0.3,-0.96,0.51,memo,
2018/07/10 13:28:54,0,0,0,0,0,0,0,0,2,0,0,WINWORD,0,0,190,0.52,0.4,0.34,0.2,-0.81,0.55,memo,
2018/07/10 13:28:59,0,0,0,785,185,0,0,0,0,3,21.4,WINWORD,0,0,156,0.39,0.37,0.21,0.2,-0.6,0.23,memo,
2018/07/10 13:29:04,1,0,0,6651,594,0,0,0,1,0,49.7,chrome,0,0,200,0.39,0.62,0.37,0.1,-1.14,0.67,memo,
2018/07/10 13:29:09,0,0,0,1816,173,0,0,0,0,0,35.7,chrome,0,0,231,0.5,0.65,0.47,0.4,-1.55,0.97,memo,
2018/07/10 13:29:14,1,0,0,1467,254,0,0,0,0,0,42.5,chrome,0,0,150,0.33,0.39,0.13,0.2,-0.49,0.23,memo,
2018/07/10 13:29:19,1,0,0,1439,156,0,0,0,0,0,27.6,WINWORD,0,0,211,0.42,0.56,0.39,0.4,-1.3,0.79,memo,
2018/07/10 13:29:24,0,0,0,1371,230,0,0,0,0,0,40.7,WINWORD,0,0,165,0.31,0.44,0.25,0.3,-0.76,0.46,memo,
2018/07/10 13:29:29,0,0,0,2105,331,0,0,0,2,0,45.8,WINWORD,0,0,148,0.29,0.49,0.16,0.2,-0.34,0.14,memo,
2018/07/10 13:29:34,2,0,0,1194,180,0,0,0,0,0,22.2,WINWORD,0,0,163,0.34,0.43,0.27,0.2,-0.89,0.58,memo,
2018/07/10 13:29:39,0,0,0,1,1,0,0,0,0,0,0,WINWORD,0,0,146,0.39,0.43,0.15,0.2,-0.71,0.42,memo,
2018/07/10 13:29:44,0,0,0,1200,153,0,0,0,0,0,43.4,WINWORD,0,0,164,0.31,0.46,0.33,0.2,-0.72,0.43,memo,
2018/07/10 13:29:49,0,0,0,458,114,0,1,0,0,3,12.1,WINWORD,0,0,164,0.32,0.42,0.3,0.1,-0.85,0.43,memo,
2018/07/10 13:29:54,0,0,0,0,0,0,9,0,0,3,0,WINWORD,0,0,231,0.5,0.65,0.49,0.4,-1.6,1,memo,
2018/07/10 13:29:59,0,0,0,0,0,0,9,0,0,4,0,WINWORD,0,0,224,0.52,0.63,0.47,0.3,-1.5,0.94,memo,
2018/07/10 13:30:04,0,0,0,0,0,0,0,0,1,0,0,WINWORD,0,0,232,0.5,0.6,0.49,0.3,-1.55,1,memo,
2018/07/10 13:30:09,0,0,0,0,0,0,3,0,0,1,0,WINWORD,0,0,231,0.5,0.61,0.49,0.5,-1.64,1,memo,
2018/07/10 13:30:14,0,0,0,0,0,0,5,0,0,4,0,WINWORD,0,0,231,0.5,0.6,0.49,0.3,-1.63,1,memo,
2018/07/10 13:30:19,0,0,0,0,0,0,4,0,1,1,0,WINWORD,0,0,231,0.5,0.62,0.49,0.4,-1.62,1,memo,
2018/07/10 13:30:24,2,0,0,5329,628,0,1,0,0,1,56.1,chrome,0,0,233,0.5,0.62,0.49,0.4,-1.59,1,memo,
2018/07/10 13:30:29,0,0,0,0,0,0,5,0,0,2,0,chrome,0,0,133,0.35,0.23,0.27,-0.2,-0.34,0.2,memo,
2018/07/10 13:30:34,2,0,0,1393,144,0,2,0,0,0,39.4,chrome,0,0,224,0.48,0.61,0.47,0.4,-1.54,0.91,memo,
2018/07/10 13:30:39,0,0,0,571,156,0,0,0,0,2,10.8,chrome,0,0,232,0.5,0.64,0.49,0.5,-1.62,1,memo,
2018/07/10 13:30:44,3,0,0,3147,527,0,0,0,0,0,54.7,WINWORD,0,0,199,0.4,0.59,0.43,0.5,-1.3,0.81,memo,
2018/07/10 13:30:49,0,0,0,1306,118,0,0,0,0,0,37,WINWORD,0,0,165,0.29,0.47,0.29,0.2,-0.63,0.31,memo,
2018/07/10 13:30:54,0,0,0,820,100,0,0,0,0,0,30.1,WINWORD,0,0,233,0.5,0.65,0.49,0.4,-1.6,1,memo,
2018/07/10 13:30:59,0,0,0,0,0,0,3,0,10,1,0,WINWORD,0,0,193,0.41,0.49,0.3,0.2,-1.11,0.71,memo,
2018/07/10 13:31:04,0,0,0,9,8,0,3,0,0,1,3.1,WINWORD,0,0,195,0.41,0.49,0.42,0.2,-0.95,0.65,memo,
2018/07/10 13:31:09,0,0,0,1076,138,0,0,0,0,0,37.6,WINWORD,0,0,205,0.45,0.55,0.42,0.1,-1.25,0.82,memo,
2018/07/10 13:31:14,0,0,0,973,106,0,0,0,0,0,28.8,WINWORD,0,0,189,0.43,0.48,0.28,0.2,-0.99,0.64,memo,
2018/07/10 13:31:19,0,0,0,1365,270,0,0,0,0,0,48.2,WINWORD,0,0,405,0.47,0.96,0.83,1.2,-2.28,1.46,memo,
2018/07/10 13:31:24,0,0,0,935,133,0,0,0,2,0,16.5,WINWORD,0,0,190,0.44,0.55,0.41,0.2,-1.24,0.8,memo,
2018/07/10 13:31:29,0,0,0,750,200,0,0,0,1,1,36.8,WINWORD,0,0,233,0.5,0.63,0.49,0.4,-1.63,1,memo,
2018/07/10 13:31:34,0,0,0,798,133,0,0,0,0,0,17.5,WINWORD,0,0,232,0.5,0.61,0.49,0.4,-1.62,1,memo,
2018/07/10 13:31:39,0,0,0,1202,94,0,0,0,0,0,45,WINWORD,0,0,233,0.5,0.66,0.49,0.3,-1.58,1,memo,
2018/07/10 13:31:44,0,0,0,1330,121,0,0,0,0,1,58.2,WINWORD,0,0,219,0.47,0.62,0.46,0.5,-1.5,0.91,memo,
2018/07/10 13:31:49,1,0,0,3683,792,0,0,0,0,0,53.6,WINWORD,0,0,159,0.34,0.3,0.23,0.2,-0.57,0.33,memo,
2018/07/10 13:31:54,0,0,0,1163,91,0,0,0,0,0,56.7,WINWORD,0,0,202,0.43,0.52,0.44,0.3,-1.22,0.75,memo,
2018/07/10 13:31:59,0,0,0,276,62,0,0,0,0,1,16.6,WINWORD,0,0,184,0.44,0.49,0.39,0.2,-0.95,0.59,memo,
2018/07/10 13:32:04,0,0,0,445,51,0,0,0,0,0,43.2,WINWORD,0,0,232,0.5,0.61,0.49,0.4,-1.62,1,memo,
2018/07/10 13:32:09,0,0,0,1717,140,0,0,0,0,0,39.9,WINWORD,0,0,231,0.5,0.62,0.49,0.4,-1.61,1,memo,
2018/07/10 13:32:14,0,0,0,442,100,0,1,0,0,2,4.8,WINWORD,0,0,232,0.5,0.63,0.49,0.3,-1.64,1,memo,
2018/07/10 13:32:19,0,0,0,10249,1021,0,0,0,2,0,72.4,WINWORD,0,0,152,0.29,0.35,0.15,0,-0.27,0.24,memo,
2018/07/10 13:32:24,0,0,0,1101,95,0,0,0,0,0,62.1,WINWORD,0,0,158,0.34,0.47,0.28,0.2,-0.69,0.35,memo,
2018/07/10 13:32:29,1,0,0,3078,447,0,0,0,0,0,71,WINWORD,0,0,139,0.34,0.28,0.18,0.1,-0.38,0.25,memo,
2018/07/10 13:32:34,2,0,0,2798,391,0,0,0,0,0,58.4,WINWORD,0,0,140,0.12,0.41,0.2,-0.2,-0.32,0.2,memo,
2018/07/10 13:32:39,0,0,0,99,29,0,0,0,0,0,13.9,WINWORD,0,0,162,0.44,0.41,0.35,0,-0.8,0.57,memo,
2018/07/10 13:32:44,0,0,0,1,1,0,0,0,0,0,3.1,WINWORD,0,0,207,0.41,0.5,0.45,0.2,-1.14,0.71,memo,
2018/07/10 13:32:49,0,0,0,0,0,0,0,0,0,0,0,WINWORD,0,0,189,0.51,0.33,0.28,0.3,-0.9,0.54,memo,
2018/07/10 13:32:54,0,0,0,1,1,0,0,0,0,0,6.3,WINWORD,0,0,232,0.5,0.54,0.49,0.4,-1.57,1,memo,
2018/07/10 13:32:59,0,0,0,0,0,0,0,0,0,0,0,WINWORD,0,0,196,0.48,0.41,0.42,0.3,-1.11,0.7,memo,
2018/07/10 13:33:04,0,0,0,0,0,0,0,0,0,0,0,WINWORD,0,0,185,0.46,0.41,0.32,-0.3,-0.98,0.59,memo,
2018/07/10 13:33:09,0,0,0,1386,93,0,0,0,0,0,43.8,WINWORD,0,0,178,0.47,0.38,0.37,0.4,-0.94,0.49,memo,
2018/07/10 13:33:14,0,0,0,6533,537,0,0,0,0,0,44.2,POWERPNT,0,0,201,0.49,0.39,0.37,0.3,-1.14,0.65,memo,
2018/07/10 13:33:19,0,0,0,3123,1732,0,0,0,0,0,38,POWERPNT,0,0,152,0.48,0.17,0.16,0.2,-0.53,0.32,memo,
2018/07/10 13:33:24,2,0,0,5955,1861,0,0,0,0,0,48.5,WINWORD,0,0,223,0.49,0.45,0.49,1,-1.48,0.94,memo,
2018/07/10 13:33:29,1,0,0,4946,356,0,0,0,0,0,60.6,chrome,0,0,247,0.5,0.37,0.62,0.1,1.13,0.9,memo,
2018/07/10 13:33:34,0,0,0,3892,328,0,0,0,0,0,32.7,chrome,0,0,249,0.48,0.22,0.58,0.3,-1.45,0.94,memo,
2018/07/10 13:33:39,0,0,0,2438,392,0,0,0,0,0,26,chrome,0,0,257,0.5,0.23,0.6,0.4,-1.61,1,memo,
2018/07/10 13:33:44,0,0,0,789,53,0,0,0,0,0,44,chrome,0,0,257,0.5,0.23,0.59,0.4,-1.58,1,memo,
2018/07/10 13:33:49,2,0,0,2054,287,0,0,0,0,0,54.7,chrome,0,0,258,0.5,0.24,0.58,0.3,-1.59,1,memo,
2018/07/10 13:33:54,2,0,0,2908,253,0,0,0,0,0,28.3,chrome,0,0,256,0.5,0.24,0.58,0.4,-1.61,1,memo,
2018/07/10 13:33:59,0,0,0,499,172,0,0,0,0,0,5.8,chrome,0,0,259,0.5,0.24,0.58,0.4,-1.61,1,memo,
2018/07/10 13:34:04,2,0,0,2547,334,0,0,0,0,0,17.7,WINWORD,0,0,227,0.43,0.29,0.51,0.3,-0.25,0.88,memo,
2018/07/10 13:34:09,0,0,0,661,106,0,0,0,0,0,40.5,WINWORD,0,0,235,0.44,0.23,0.51,0,-1.56,0.82,memo,
2018/07/10 13:34:14,0,0,0,216,93,0,0,0,0,0,1,WINWORD,0,0,263,0.5,0.23,0.56,0.4,-1.63,1,memo,
2018/07/10 13:34:19,2,0,0,4257,597,0,0,0,0,0,49.5,chrome,0,0,213,0.37,0.23,0.38,0.3,-1.15,0.69,memo,
2018/07/10 13:34:24,0,0,0,3020,373,0,0,0,0,0,29.3,chrome,0,0,227,0.5,0.14,0.4,0.3,-1.12,0.67,memo,
2018/07/10 13:34:29,2,0,0,4122,905,0,0,0,0,0,26.5,chrome,0,0,187,0.33,0.21,0.24,0.1,-0.62,0.44,memo,
2018/07/10 13:34:34,0,0,0,428,89,0,0,0,0,0,22,chrome,0,0,234,0.5,0.16,0.52,0.3,-1.36,0.85,memo,
2018/07/10 13:34:39,0,0,0,0,0,0,0,0,0,0,0,chrome,0,0,262,0.5,0.23,0.56,0.4,-1.6,1,memo,
2018/07/10 13:34:44,0,0,0,209,83,0,0,0,0,0,0.8,chrome,0,0,263,0.5,0.23,0.56,0.4,-1.62,1,memo,
2018/07/10 13:34:49,1,0,0,465,179,0,0,0,0,0,25.6,chrome,0,0,264,0.5,0.23,0.56,0.5,-1.36,1,memo,
2018/07/10 13:34:54,1,0,0,3100,686,0,0,0,0,0,37.6,WINWORD,0,0,256,0.51,0.36,0.5,0.3,-1.54,0.94,memo,
2018/07/10 13:34:59,1,0,0,4505,344,0,0,0,0,0,33.8,chrome,0,0,249,0.5,0.34,0.35,0.4,-1.38,0.85,memo,
2018/07/10 13:35:04,2,0,0,2771,329,0,0,0,0,0,26.1,WINWORD,0,0,239,0.5,0.23,0.5,0.3,-1.2,0.82,memo,
2018/07/10 13:35:09,0,0,0,2094,423,0,0,0,0,0,28.5,explorer,0,0,265,0.5,0.24,0.54,0.3,-1.48,1,memo,
2018/07/10 13:35:14,1,0,0,2798,354,0,0,0,0,0,56.7,chrome,0,0,263,0.5,0.23,0.54,0.4,-1.6,1,memo,
2018/07/10 13:35:19,1,0,0,2469,313,0,0,0,0,0,36.5,chrome,0,0,265,0.5,0.23,0.56,0.4,-1.59,1,memo,
2018/07/10 13:35:24,1,0,0,1607,342,0,0,0,0,0,38.8,WINWORD,0,0,266,0.5,0.23,0.56,0.4,-1.65,1,memo,
2018/07/10 13:35:29,0,0,0,0,0,0,0,0,0,0,0,WINWORD,0,0,244,0.46,0.44,0.52,0.4,-4.99,1,memo,
2018/07/10 13:35:34,0,0,0,0,0,0,0,0,0,0,0,WINWORD,0,0,235,0.45,0.54,0.5,0.4,-1.66,1,memo,
2018/07/10 13:35:39,0,0,0,1349,261,0,0,0,0,0,33.6,WINWORD,0,0,231,0.49,0.49,0.5,0.3,-1.63,1,memo,
2018/07/10 13:35:44,0,0,0,14,5,0,0,0,0,0,7.9,WINWORD,0,0,234,0.49,0.46,0.5,0.4,-1.51,1,memo,
2018/07/10 13:35:49,0,0,0,0,0,0,0,0,0,0,0,WINWORD,0,0,234,0.49,0.45,0.5,0.4,-1.61,1,memo,
2018/07/10 13:35:54,1,0,0,2355,262,0,0,0,0,0,41.3,explorer,0,0,170,0.42,0.31,0.37,0.3,-0.94,0.47,memo,
2018/07/10 13:35:59,0,0,0,1462,214,0,0,0,0,0,34.7,Datalogging,0,0,232,0.49,0.44,0.5,0.4,-1.61,1,memo,
2018/07/10 13:36:04,0,0,0,224,79,0,0,0,0,0,7.7,Datalogging,0,0,233,0.49,0.45,0.5,0.4,-1.59,1,memo,
2018/07/10 13:36:09,0,0,0,65,22,0,0,0,0,0,4.1,Datalogging,0,0,234,0.49,0.45,0.5,0.4,-1.62,1,memo,
2018/07/10 13:36:14,1,0,0,280,132,0,0,0,0,0,29.7,Datalogging,0,0,234,0.49,0.44,0.5,0.4,-1.6,1,memo,
2018/07/10 13:36:19,2,0,0,6374,883,0,0,0,0,0,41.3,chrome,0,0,197,0.42,0.38,0.36,0.4,-1.38,0.7,memo,
2018/07/10 13:36:24,1,0,0,3211,334,0,0,0,0,0,37.6,chrome,0,0,208,0.34,0.44,0.44,0.3,-1.36,0.77,memo,
2018/07/10 13:36:29,3,0,0,3445,231,0,0,0,0,0,37.6,explorer,0,0,184,0.45,0.31,0.3,0.3,-0.96,0.5,memo,
2018/07/10 13:36:34,2,0,0,2606,298,0,0,0,0,0,53.7,explorer,0,0,142,0.36,0.06,0.4,0.1,-0.67,0.43,memo,
2018/07/10 13:36:39,3,0,0,3723,335,0,0,0,0,0,59.7,WINWORD,0,0,171,0.15,0.41,0.22,-0.1,0.57,0.45,memo,
2018/07/10 13:36:44,0,0,0,1072,188,0,0,0,0,0,71.4,WINWORD,0,0,229,0.47,0.16,0.5,0.4,-1.42,0.88,memo,
2018/07/10 13:36:49,0,0,0,163,48,0,0,0,4,0,11.2,WINWORD,0,0,181,0.35,0.23,0.37,0.2,-1,0.52,memo,
2018/07/10 13:36:54,0,0,0,0,0,0,6,0,12,1,0,WINWORD,0,0,159,0.33,0.1,0.13,0.1,-0.22,0.1,memo,
2018/07/10 13:36:59,0,0,0,0,0,0,2,0,1,3,0,WINWORD,0,0,157,0.38,0.19,0.31,0.3,-1.08,0.49,memo,
2018/07/10 13:37:04,0,0,0,0,0,0,7,0,4,2,0,WINWORD,0,0,246,0.5,0.24,0.52,0.4,-1.6,1,memo,
2018/07/10 13:37:09,0,0,0,1,1,0,11,0,0,3,3.1,WINWORD,0,0,237,0.45,0.23,0.48,0.3,-1.58,0.88,memo,
2018/07/10 13:37:14,0,0,0,0,0,0,3,0,1,3,0,WINWORD,0,0,238,0.5,0.18,0.52,0.3,-1.28,0.94,memo,
2018/07/10 13:37:19,0,0,0,3355,416,0,0,0,0,0,29.1,WINWORD,0,0,195,0.38,0.24,0.27,0.1,-0.82,0.55,memo,
2018/07/10 13:37:24,0,0,0,0,0,0,9,0,1,3,0,WINWORD,0,0,215,0.49,0.21,0.51,0.5,-1.57,0.82,memo,
2018/07/10 13:37:29,0,0,0,2248,704,0,7,0,0,4,25.6,explorer,0,0,229,0.46,0.23,0.47,0.3,-1.54,0.88,memo,
2018/07/10 13:37:34,1,0,0,1238,183,0,0,0,0,0,35.4,explorer,0,0,230,0.48,0.23,0.5,0.4,-1.54,0.94,memo,
2018/07/10 13:37:39,0,0,0,5884,658,0,0,0,0,0,32.4,WINWORD,0,0,244,0.5,0.23,0.52,0.4,-1.69,1,memo,
2018/07/10 13:37:44,0,0,0,0,0,0,0,0,0,0,0,WINWORD,0,0,243,0.5,0.23,0.52,0.4,-1.75,1,memo,
2018/07/10 13:37:49,0,0,0,215,52,0,0,0,0,0,15,WINWORD,0,0,246,0.5,0.23,0.52,0.4,0.92,1,memo,
2018/07/10 13:37:54,0,0,0,2309,867,0,0,0,0,0,20.5,WINWORD,0,0,261,0.5,0.24,0.51,0.4,-2.77,1,memo,
2018/07/10 13:37:59,4,0,0,5380,494,0,0,0,0,0,48.7,Idle,0,0,257,0.5,0.24,0.51,0.4,-1.59,1,memo,
2018/07/10 13:38:04,1,0,0,3549,380,0,0,0,0,0,20.5,chrome,0,0,222,0.48,0.23,0.33,0.3,-1.01,0.69,memo,
2018/07/10 13:38:09,0,0,0,774,223,0,0,0,0,0,6.5,chrome,0,0,250,0.48,0.23,0.49,0.4,-1.55,0.94,memo,
2018/07/10 13:38:14,1,0,0,3175,542,0,0,0,0,0,30.1,chrome,0,0,259,0.5,0.24,0.51,0.4,-1.54,0.97,memo,
2018/07/10 13:38:19,2,0,0,1446,350,0,0,0,0,0,24.8,explorer,0,0,196,0.48,0.1,0.24,0.3,-0.86,0.46,memo,
2018/07/10 13:38:24,3,0,0,7018,977,0,0,0,0,0,80.7,CredentialUIBroker,0,0,180,0.44,0.14,0.24,0.2,-0.71,0.49,memo,
2018/07/10 13:38:29,5,0,0,6591,882,0,0,0,0,0,43.8,explorer,0,0,208,0.4,0.22,0.36,0.3,-1.17,0.62,memo,
2018/07/10 13:38:34,1,0,0,3216,224,0,0,0,0,0,55.8,chrome,0,0,264,0.5,0.36,0.6,0.3,-0.13,0.9,memo,
2018/07/10 13:38:39,0,0,0,4151,967,0,0,0,0,0,52.4,chrome,0,0,274,0.5,0.26,0.57,0.4,-1.68,1,memo,
2018/07/10 13:38:44,4,0,0,3957,528,0,0,0,0,0,57.4,explorer,0,0,182,0.4,0.17,0.11,0.1,-0.49,0.34,memo,
2018/07/10 13:38:49,0,0,0,1986,464,0,0,0,0,0,11.3,WINWORD,0,0,194,0.23,0.25,0.26,0.1,-0.53,0.37,memo,
2018/07/10 13:38:54,2,0,0,3884,769,0,0,0,0,0,41.1,chrome,0,0,168,0.4,0.13,0.19,0.2,-0.75,0.49,memo,
2018/07/10 13:38:59,2,0,0,4596,295,0,0,0,0,0,50.5,WINWORD,0,0,181,0.43,0,0.24,0.2,-0.5,0.26,memo,
2018/07/10 13:39:04,1,0,0,1342,293,0,0,0,0,0,51.4,explorer,0,0,224,0.49,0.19,0.35,0.2,-0.94,0.62,memo,
2018/07/10 13:39:09,3,0,0,9478,1254,0,0,0,0,0,79,chrome,0,0,191,0.34,0.22,0.3,0,-0.49,0.36,memo,
2018/07/10 13:39:14,4,0,0,4247,527,0,0,0,0,0,84.2,explorer,0,0,183,0.29,0.18,0.18,0.2,-0.58,0.29,memo,
2018/07/10 13:39:19,5,0,0,2276,230,0,0,0,0,0,39.5,explorer,0,0,188,0.35,0.21,0.23,0.3,-0.63,0.37,memo,
2018/07/10 13:39:24,1,0,0,3689,366,0,0,0,0,0,47,POWERPNT,0,0,199,0.45,0.22,0.21,0.1,-0.55,0.37,memo,
2018/07/10 13:39:29,0,0,0,3858,327,0,0,0,0,0,53.9,POWERPNT,0,0,270,0.5,0.24,0.57,0.4,-1.61,1,memo,
2018/07/10 13:39:34,1,0,0,3902,1287,0,0,0,0,0,43.7,POWERPNT,0,0,182,0.42,0.13,0.33,0.2,-0.65,0.32,memo,
2018/07/10 13:39:39,2,0,0,767,144,0,0,0,0,0,34.5,chrome,0,0,187,0.2,0.22,0.28,0,-0.53,0.39,memo,
2018/07/10 13:39:44,1,0,0,2772,295,0,0,0,0,0,18.3,chrome,0,0,230,0.44,0.19,0.49,0.3,-1.18,0.65,memo,
2018/07/10 13:39:49,3,0,0,3276,244,0,0,0,0,0,50.9,chrome,0,0,254,0.47,0.23,0.54,0.4,-1.5,0.91,memo,
2018/07/10 13:39:54,2,0,0,1548,343,0,0,0,0,0,15.6,POWERPNT,0,0,189,0.44,0.17,0.26,0.3,-0.8,0.45,memo,
2018/07/10 13:39:59,3,0,0,6601,370,0,0,0,0,0,34.9,chrome,0,0,175,0.4,0.06,0.27,0.1,-0.45,0.26,memo,
2018/07/10 13:40:04,2,0,0,5815,688,0,0,0,0,0,62.9,POWERPNT,0,0,197,0.42,0.18,0.29,0.2,-0.61,0.24,memo,
2018/07/10 13:40:09,1,0,0,3778,388,0,0,0,0,0,51.1,WINWORD,0,0,173,0.37,0.14,0.29,0.2,-0.69,0.41,memo,
2018/07/10 13:40:14,0,0,0,1,1,0,0,0,1,3,3.1,WINWORD,0,0,261,0.51,0.24,0.54,0.3,-2.59,1,memo,
2018/07/10 13:40:19,0,0,0,0,0,0,0,0,1,3,0,WINWORD,0,0,208,0.41,0.2,0.27,0.3,-1.03,0.54,memo,
2018/07/10 13:40:24,0,0,0,0,0,0,3,0,0,3,0,WINWORD,0,0,178,0.39,0.17,0.28,0.1,-0.83,0.55,memo,
2018/07/10 13:40:29,0,0,0,0,0,0,2,0,0,2,0,WINWORD,0,0,261,0.53,0.23,0.54,0.4,-1.62,1,memo,
2018/07/10 13:40:34,0,0,0,0,0,0,3,0,0,2,0,WINWORD,0,0,232,0.51,0.19,0.38,0.4,-1.24,0.74,memo,
2018/07/10 13:40:39,0,0,0,0,0,0,6,0,2,1,0,WINWORD,0,0,260,0.52,0.23,0.54,0.4,-1.65,1,memo,
2018/07/10 13:40:44,0,0,0,0,0,0,4,0,3,1,0,WINWORD,0,0,260,0.52,0.23,0.54,0.3,-1.65,1,memo,
2018/07/10 13:40:49,0,0,0,0,0,0,4,0,0,3,0,WINWORD,0,0,260,0.53,0.23,0.54,0.4,-1.63,1,memo,
2018/07/10 13:40:54,0,0,0,0,0,0,10,0,0,4,0,WINWORD,0,0,258,0.53,0.23,0.54,0.4,-1.59,1,memo,
2018/07/10 13:40:59,0,0,0,4650,858,0,0,0,0,1,35.6,POWERPNT,0,0,207,0.47,0.17,0.36,0.3,-0.98,0.66,memo,
2018/07/10 13:41:04,0,0,0,90,41,0,3,0,0,3,4.3,WINWORD,0,0,217,0.44,0.15,0.48,0.2,-1.18,0.68,memo,
2018/07/10 13:41:09,0,0,0,9993,1318,0,0,0,0,0,31.4,WINWORD,0,0,196,0.36,0.12,0.38,0.2,-0.79,0.44,memo,
2018/07/10 13:41:14,0,0,0,0,0,0,4,0,3,2,0,WINWORD,0,0,158,0.38,0.19,0.22,0.1,-0.64,0.33,memo,
2018/07/10 13:41:19,0,0,0,0,0,0,0,0,0,3,0,WINWORD,0,0,198,0.32,0.27,0.28,0.3,-0.71,0.44,memo,
2018/07/10 13:41:24,0,0,0,0,0,0,3,0,0,2,0,WINWORD,0,0,232,0.42,0.23,0.48,0.3,-1.28,0.74,memo,
2018/07/10 13:41:29,0,0,0,0,0,0,8,0,0,2,0,WINWORD,0,0,261,0.53,0.23,0.54,0.3,-1.62,1,memo,
2018/07/10 13:41:34,0,0,0,0,0,0,2,0,1,1,0,WINWORD,0,0,260,0.52,0.23,0.55,0.4,-1.58,1,memo,
2018/07/10 13:41:39,0,0,0,0,0,0,0,0,0,0,0,WINWORD,0,0,262,0.5,0.23,0.57,0.4,-1.61,1,memo,
2018/07/10 13:41:44,0,0,0,0,0,0,0,0,2,0,0,WINWORD,0,0,252,0.5,0.22,0.54,0.4,-1.62,0.97,memo,
2018/07/10 13:41:49,0,0,0,0,0,0,0,0,0,0,0,WINWORD,0,0,238,0.47,0.18,0.49,0.2,-1.25,0.82,memo,
2018/07/10 13:41:54,0,0,0,0,0,0,4,0,0,1,0,WINWORD,0,0,178,0.37,0.1,0.4,0.1,-0.66,0.42,memo,
2018/07/10 13:41:59,0,0,0,0,0,0,3,0,0,2,0,WINWORD,0,0,189,0.41,0.21,0.24,0.2,-0.65,0.36,memo,
2018/07/10 13:42:04,0,0,0,0,0,0,0,0,0,0,0,WINWORD,0,0,231,0.5,0.17,0.48,0.2,-1.21,0.71,memo,
2018/07/10 13:42:09,0,0,0,0,0,0,0,0,0,0,0,WINWORD,0,0,230,0.5,0.2,0.47,0.3,-1.36,0.8,memo,
2018/07/10 13:42:14,2,0,0,4387,665,0,3,0,0,1,38.6,chrome,0,0,192,0.46,0.12,0.29,0.2,-0.95,0.52,memo,
2018/07/10 13:42:19,1,0,0,2434,284,0,5,0,0,2,38.6,chrome,0,0,246,0.51,0.13,0.52,0.4,-1.6,0.88,memo,
2018/07/10 13:42:24,0,0,0,870,286,0,0,0,0,0,0.8,chrome,0,0,256,0.51,0.23,0.55,0.4,-1.65,1,memo,
2018/07/10 13:42:29,0,0,0,1114,178,0,0,0,0,0,13.9,chrome,0,0,257,0.51,0.23,0.56,0.4,-1.62,1,memo,
2018/07/10 13:42:34,0,0,0,250,43,0,0,0,0,0,14.7,chrome,0,0,237,0.47,0.23,0.51,0.3,-1.44,0.91,memo,
2018/07/10 13:42:39,1,0,0,2538,369,0,0,0,0,0,26.4,chrome,0,0,242,0.51,0.23,0.38,0.4,-1.38,0.85,memo,
2018/07/10 13:42:44,0,0,0,1865,470,0,0,0,2,1,18.6,WINWORD,0,0,255,0.51,0.24,0.55,0.4,-1.69,1,memo,
2018/07/10 13:42:49,0,0,0,3923,960,0,0,0,2,1,43.1,POWERPNT,0,0,256,0.51,0.23,0.55,0.2,-1.54,1,memo,
2018/07/10 13:42:54,2,0,0,7442,730,0,0,0,0,0,57.5,chrome,0,0,258,0.51,0.23,0.54,0.4,-1.58,1,memo,
2018/07/10 13:42:59,1,0,0,5061,317,0,0,0,0,0,38.2,explorer,0,0,256,0.51,0.23,0.55,0.4,-1.65,1,memo,
2018/07/10 13:43:04,2,0,0,1445,161,0,0,0,0,0,30.4,chrome,0,0,256,0.51,0.23,0.55,0.4,-1.58,1,memo,
2018/07/10 13:43:09,1,0,0,8850,1360,0,0,0,0,0,33.6,chrome,0,0,224,0.45,0.23,0.41,0.2,-1.22,0.8,memo,
2018/07/10 13:43:14,1,0,0,7242,789,0,0,0,0,0,48.7,chrome,0,0,242,0.51,0.22,0.49,0.4,-1.37,0.82,memo,
2018/07/10 13:43:19,4,0,0,5522,472,0,0,0,0,0,56.4,WINWORD,0,0,206,0.3,0.29,0.44,0.3,-1.03,0.54,memo,
2018/07/10 13:43:24,2,0,0,2544,354,0,0,0,0,0,40.3,chrome,0,0,236,0.48,0.24,0.5,0.3,-1.31,0.79,memo,
2018/07/10 13:43:29,2,0,0,1207,260,0,0,0,0,0,26.2,chrome,0,0,256,0.51,0.23,0.55,0.4,-1.58,1,memo,
2018/07/10 13:43:34,1,0,0,1883,252,0,0,0,0,0,21.3,WINWORD,0,0,215,0.4,0.18,0.47,0.3,-1.28,0.71,memo,
2018/07/10 13:43:39,1,0,0,4064,451,0,0,0,0,0,44.2,chrome,0,0,253,0.54,0.23,0.53,0.4,-1.6,1,memo,
2018/07/10 13:43:44,1,0,0,667,229,0,8,0,0,3,7.6,chrome,0,0,256,0.55,0.23,0.52,0.4,-1.62,1,memo,
2018/07/10 13:43:49,1,0,0,3124,214,0,0,0,0,0,33.7,chrome,0,0,251,0.54,0.22,0.51,0.4,-1.44,0.97,memo,
2018/07/10 13:43:54,1,0,0,1903,386,0,0,0,0,0,38.9,chrome,0,0,249,0.51,0.17,0.52,0.4,-1.48,0.91,memo,
2018/07/10 13:43:59,0,0,0,1,1,0,0,0,0,0,0,chrome,0,0,243,0.54,0.22,0.51,0.4,-1.39,0.85,memo,
2018/07/10 13:44:04,0,0,0,5,2,0,0,0,0,0,2.5,chrome,0,0,212,0.33,0.24,0.4,0.3,-1.09,0.61,memo,
2018/07/10 13:44:09,1,0,0,3652,483,0,0,0,0,0,57.4,WINWORD,0,0,257,0.53,0.23,0.53,0.4,-1.65,1,memo,
2018/07/10 13:44:14,0,0,0,472,111,0,8,0,0,2,14.7,WINWORD,0,0,185,0.38,0.16,0.23,0.2,-0.67,0.46,memo,
2018/07/10 13:44:19,1,0,0,6276,449,0,2,0,0,0,33.3,WINWORD,0,0,195,0.31,0.21,0.37,0.1,-0.69,0.49,memo,
2018/07/10 13:44:24,0,0,0,4925,751,0,0,0,0,1,58,WINWORD,0,0,179,0.37,0.24,0.14,0.2,-0.83,0.56,memo,
2018/07/10 13:44:29,0,0,0,713,58,0,0,0,0,0,55.2,WINWORD,0,0,161,0.34,0.2,0.04,0.2,-0.46,0.3,memo,
2018/07/10 13:44:34,1,0,0,386,72,0,0,0,0,1,15.5,WINWORD,0,0,158,0.38,0.1,0.14,0.2,-0.49,0.28,memo,
2018/07/10 13:44:39,0,0,0,696,184,0,1,0,2,0,20.2,WINWORD,0,0,163,-0.03,0.3,0.11,0.1,-1.53,0.33,memo,
2018/07/10 13:44:44,0,0,0,0,0,0,2,0,3,1,0,WINWORD,0,0,169,0.42,0.37,0.27,0.1,-0.38,0.54,memo,
2018/07/10 13:44:49,0,0,0,0,0,0,10,0,0,3,0,WINWORD,0,0,207,0.44,0.4,0.45,0.3,-1.36,0.86,memo,
2018/07/10 13:44:54,0,0,0,0,0,0,8,0,2,5,0,WINWORD,0,0,148,0.21,0.21,0.33,0.1,-0.43,0.23,memo,
2018/07/10 13:44:59,0,0,0,0,0,0,8,0,4,1,0,WINWORD,0,0,225,0.48,0.39,0.51,0.3,-1.39,0.94,memo,
2018/07/10 13:45:04,0,0,0,0,0,0,3,0,0,3,0,WINWORD,0,0,233,0.5,0.39,0.5,0.4,-1.61,1,memo,
2018/07/10 13:45:09,0,0,0,0,0,0,7,0,2,2,0,WINWORD,0,0,221,0.5,0.36,0.35,0.4,-1.38,0.85,memo,
2018/07/10 13:45:14,0,0,0,0,0,0,4,0,0,2,0,WINWORD,0,0,165,0.47,0.17,0.34,0.2,-0.68,0.46,memo,
2018/07/10 13:45:19,0,0,0,0,0,0,6,0,0,3,0,WINWORD,0,0,206,0.35,0.4,0.44,0.2,-1.24,0.77,memo,
2018/07/10 13:45:24,0,0,0,0,0,0,1,0,5,2,0,WINWORD,0,0,183,0.43,0.31,0.25,0.2,-0.85,0.57,memo,
2018/07/10 13:45:29,0,0,0,0,0,0,5,0,0,5,0,WINWORD,0,0,224,0.48,0.37,0.48,0.3,-1.59,0.91,memo,
2018/07/10 13:45:34,0,0,0,0,0,0,7,0,0,3,0,WINWORD,0,0,198,0.45,0.3,0.43,0.3,-1.12,0.65,memo,
2018/07/10 13:45:39,0,0,0,0,0,0,0,0,0,0,0,WINWORD,0,0,228,0.5,0.38,0.42,0.4,-1.47,0.94,memo,
2018/07/10 13:45:44,0,0,0,0,0,0,1,0,0,0,0,WINWORD,0,0,174,0.17,0.56,0.32,0,-0.96,0.52,memo,
2018/07/10 13:45:49,0,0,0,0,0,0,8,0,0,2,0,WINWORD,0,0,224,0.46,0.6,0.48,0.5,-1.54,0.94,memo,
2018/07/10 13:45:54,0,0,0,0,0,0,2,0,0,1,0,WINWORD,0,0,226,0.47,0.6,0.48,0.3,-1.47,0.94,memo,
2018/07/10 13:45:59,0,0,0,0,0,0,8,0,0,2,0,WINWORD,0,0,173,0.4,0.46,0.23,0.2,-0.83,0.56,memo,
2018/07/10 13:46:04,0,0,0,0,0,0,3,0,4,2,0,WINWORD,0,0,159,0.46,0.41,0.35,0.2,-0.74,0.39,memo,
2018/07/10 13:46:09,0,0,0,0,0,0,9,0,3,3,0,WINWORD,0,0,231,0.49,0.6,0.5,0.4,-1.59,1,memo,
2018/07/10 13:46:14,0,0,0,0,0,0,6,0,2,4,0,WINWORD,0,0,224,0.51,0.58,0.48,0.4,-1.49,0.94,memo,
2018/07/10 13:46:19,0,0,0,0,0,0,3,0,2,1,0,WINWORD,0,0,231,0.49,0.6,0.5,0.4,-1.61,1,memo,
2018/07/10 13:46:24,0,0,0,0,0,0,4,0,2,1,0,WINWORD,0,0,232,0.49,0.6,0.5,0.4,-1.63,1,memo,
2018/07/10 13:46:29,0,0,0,2401,358,0,0,0,0,0,42.2,WINWORD,0,0,201,0.42,0.53,0.33,0.4,-1.24,0.8,memo,
2018/07/10 13:46:34,0,0,0,994,98,0,0,0,0,0,33.1,WINWORD,0,0,164,0.36,0.39,0.27,0.2,-0.81,0.43,memo,
2018/07/10 13:46:39,0,0,0,2318,237,0,0,0,10,0,29,WINWORD,0,0,227,0.47,0.56,0.48,0.4,-1.51,0.94,memo,
2018/07/10 13:46:44,0,0,0,538,51,0,0,0,0,0,43.3,WINWORD,0,0,206,0.43,0.52,0.44,0.3,-1.42,0.83,memo,
2018/07/10 13:46:49,0,0,0,609,53,0,0,0,0,0,34.3,WINWORD,0,0,225,0.51,0.56,0.48,0.4,-1.5,0.94,memo,
2018/07/10 13:46:54,0,0,0,1006,134,0,0,0,0,0,38.2,WINWORD,0,0,233,0.49,0.58,0.5,0.4,-1.58,1,memo,
2018/07/10 13:46:59,0,0,0,17,8,0,0,0,7,1,1.6,WINWORD,0,0,226,0.49,0.52,0.42,0.4,-1.5,0.94,memo,
2018/07/10 13:47:04,0,0,0,0,0,0,0,0,0,0,0,WINWORD,0,0,128,0.37,0.23,0.06,0.1,-0.24,0.18,memo,
2018/07/10 13:47:09,0,0,0,3169,1320,0,0,0,0,1,30.1,WINWORD,0,0,195,0.43,0.48,0.42,0.2,-1.17,0.75,memo,
2018/07/10 13:47:14,2,0,0,1252,384,0,0,0,2,0,21.9,WINWORD,0,0,195,0.47,0.34,0.46,0.3,-1.16,0.68,memo,
2018/07/10 13:47:19,0,0,0,3816,585,0,0,0,0,0,43.3,WINWORD,0,0,180,0.37,0.46,0.32,0.1,-0.95,0.62,memo,
2018/07/10 13:47:24,3,0,0,1415,377,0,3,0,0,0,30.8,WINWORD,0,0,196,0.41,0.47,0.42,0.3,-0.99,0.59,memo,
2018/07/10 13:47:29,0,0,0,5,3,0,1,0,1,1,5.1,WINWORD,0,0,234,0.49,0.54,0.5,0.4,-1.53,0.97,memo,
2018/07/10 13:47:34,0,0,0,0,0,0,3,0,0,2,0,WINWORD,0,0,158,0.37,0.38,0.21,0.3,-0.95,0.49,memo,
2018/07/10 13:47:39,0,0,0,0,0,0,4,0,1,2,0,WINWORD,0,0,181,0.36,0.39,0.34,0.3,-0.93,0.52,memo,
2018/07/10 13:47:44,0,0,0,1118,112,0,0,0,0,1,20.9,WINWORD,0,0,232,0.49,0.56,0.5,0.4,-1.58,1,memo,
2018/07/10 13:47:49,0,0,0,1350,562,0,4,0,1,2,14.5,WINWORD,0,0,232,0.49,0.55,0.5,0.4,-1.59,1,memo,
2018/07/10 13:47:54,0,0,0,102,20,0,1,0,1,0,17.4,WINWORD,0,0,218,0.47,0.53,0.48,0.4,-1.54,0.97,memo,
2018/07/10 13:47:59,1,0,0,37,9,0,1,0,0,1,18.8,WINWORD,0,0,215,0.49,0.52,0.39,0.3,-1.37,0.82,memo,
2018/07/10 13:48:04,0,0,0,0,0,0,2,0,2,2,0,WINWORD,0,0,200,0.45,0.46,0.4,0.2,-1.22,0.74,memo,
2018/07/10 13:48:09,0,0,0,1,1,0,1,0,2,0,6.3,WINWORD,0,0,226,0.51,0.54,0.48,0.4,-1.51,0.94,memo,
2018/07/10 13:48:14,0,0,0,1,1,0,5,0,0,4,0,WINWORD,0,0,233,0.49,0.55,0.5,0.4,-1.59,1,memo,
2018/07/10 13:48:19,0,0,0,0,0,0,4,0,1,3,0,WINWORD,0,0,231,0.49,0.56,0.5,0.4,-1.57,1,memo,
2018/07/10 13:48:24,0,0,0,2,1,0,9,0,0,5,1.6,WINWORD,0,0,226,0.48,0.54,0.4,0.4,-1.43,0.91,memo,
2018/07/10 13:48:29,0,0,0,0,0,0,8,0,3,2,0,WINWORD,0,0,169,0.37,0.36,0.36,0.2,-0.91,0.47,memo,
2018/07/10 13:48:34,0,0,0,1752,264,0,7,0,0,5,19.9,WINWORD,0,0,200,0.45,0.51,0.43,0.4,-1.31,0.78,memo,
2018/07/10 13:48:39,0,0,0,1006,178,0,0,0,1,0,62.7,WINWORD,0,0,197,0.42,0.5,0.42,0.3,-1.2,0.7,memo,
2018/07/10 13:48:44,0,0,0,0,0,0,1,0,6,0,0,WINWORD,0,0,183,0.25,0.45,0.3,0.3,-0.89,0.52,memo,
2018/07/10 13:48:49,0,0,0,0,0,0,4,0,0,3,0,WINWORD,0,0,225,0.51,0.55,0.48,0.3,-1.49,0.94,memo,
2018/07/10 13:48:54,0,0,0,1,1,0,2,0,1,1,3.1,WINWORD,0,0,199,0.4,0.46,0.44,0.3,-1.13,0.72,memo,
2018/07/10 13:48:59,0,0,0,0,0,0,1,0,0,1,0,WINWORD,0,0,232,0.49,0.57,0.5,0.4,-1.65,1,memo,
2018/07/10 13:49:04,0,0,0,0,0,0,0,0,0,0,0,WINWORD,0,0,192,0.45,0.39,0.45,0.3,-1.44,0.73,memo,
2018/07/10 13:49:09,0,0,0,0,0,0,10,0,0,3,0,WINWORD,0,0,211,0.46,0.59,0.46,0.3,-1.25,0.74,memo,
2018/07/10 13:49:14,0,0,0,1288,259,0,5,0,0,5,14.1,WINWORD,0,0,228,0.49,0.59,0.5,0.5,-1.52,1,memo,
2018/07/10 13:49:19,0,0,0,1698,536,0,0,0,0,0,43,WINWORD,0,0,229,0.49,0.56,0.5,0.4,-1.58,1,memo,
2018/07/10 13:49:24,0,0,0,331,47,0,3,0,3,0,24.8,WINWORD,0,0,193,0.45,0.5,0.42,0.3,-1.18,0.74,memo,
2018/07/10 13:49:29,0,0,0,2117,312,0,0,0,0,1,37.1,WINWORD,0,0,230,0.49,0.55,0.5,0.4,-1.6,1,memo,
2018/07/10 13:49:34,0,0,0,3039,401,0,0,0,0,0,29.5,WINWORD,0,0,162,0.35,0.25,0.33,0.1,-0.55,0.4,memo,
2018/07/10 13:49:39,0,0,0,11,7,0,3,0,3,0,4.5,WINWORD,0,0,415,0.97,0.97,0.91,0.9,-2.54,1.62,memo,
2018/07/10 13:49:44,0,0,0,4770,337,0,0,0,0,1,37.9,WINWORD,0,0,201,0.43,0.51,0.38,0.3,-1.26,0.79,memo,
2018/07/10 13:49:49,0,0,0,579,97,0,0,0,0,0,8,WINWORD,0,0,197,0.5,0.44,0.37,0.3,-1.08,0.67,memo,
2018/07/10 13:49:54,0,0,0,71,15,0,3,0,2,1,7.6,WINWORD,0,0,229,0.49,0.56,0.5,0.4,-1.59,1,memo,
2018/07/10 13:49:59,0,0,0,0,0,0,3,0,12,0,0,WINWORD,0,0,211,0.46,0.52,0.46,0.3,-1.41,0.91,memo,
2018/07/10 13:50:04,0,0,0,2606,288,0,3,0,0,1,26.1,WINWORD,0,0,201,0.46,0.52,0.47,0.3,-1.46,0.94,memo,
2018/07/10 13:50:09,0,0,0,1623,192,0,0,0,1,0,32.7,WINWORD,0,0,208,0.46,0.51,0.48,0.3,-1.39,0.91,memo,
2018/07/10 13:50:14,0,0,0,5759,348,0,0,0,0,0,50.1,WINWORD,0,0,207,0.47,0.47,0.48,0.3,-1.46,0.91,memo,
2018/07/10 13:50:19,0,0,0,2021,379,0,0,0,2,0,42,WINWORD,0,0,222,0.48,0.52,0.49,0.3,-1.44,0.94,memo,
2018/07/10 13:50:24,0,0,0,930,89,0,0,0,0,0,28.8,WINWORD,0,0,203,0.45,0.44,0.3,0.3,-1.12,0.74,memo,
2018/07/10 13:50:29,0,0,0,128,37,0,0,0,0,0,10.8,WINWORD,0,0,157,0.4,0.27,0.32,0.2,-0.57,0.24,memo,
2018/07/10 13:50:34,0,0,0,158,65,0,0,0,0,0,11.2,WINWORD,0,0,158,0.36,0.35,0.2,0.2,-0.77,0.49,memo,
2018/07/10 13:50:39,0,0,0,1718,161,0,0,0,0,0,31.3,WINWORD,0,0,186,0.44,0.34,0.29,0.4,-0.95,0.62,memo,
2018/07/10 13:50:44,0,0,0,0,0,0,0,0,1,0,0,WINWORD,0,0,214,0.41,0.55,0.45,0.3,-1.37,0.85,memo,
2018/07/10 13:50:49,0,0,0,0,0,0,8,0,4,3,0,WINWORD,0,0,148,0.33,0.24,0.35,0.1,-0.67,0.45,memo,
2018/07/10 13:50:54,0,0,0,0,0,0,7,0,0,3,0,WINWORD,0,0,125,0.36,0.35,-0.01,0.3,-0.55,0.32,memo,
2018/07/10 13:50:59,0,0,0,2387,336,0,2,0,0,2,37.4,Datalogging,0,0,211,0.46,0.43,0.45,0.2,-1.12,0.8,memo,
2018/07/10 13:51:04,1,0,0,1506,316,0,0,0,0,0,24.6,Datalogging,0,0,154,0.35,0.26,0.08,0.1,-0.6,0.45,memo,
2018/07/10 13:51:09,0,0,0,0,0,0,0,0,0,0,0,Datalogging,0,0,162,0.26,0.08,0.35,0.1,-0.56,0.26,memo,
2018/07/10 13:51:14,0,0,0,0,0,0,0,0,0,0,0,Datalogging,0,0,216,0.33,0.3,0.46,0.2,-1.33,0.76,memo,
2018/07/10 13:51:19,1,0,0,56,21,0,0,0,0,0,4.3,Datalogging,0,0,233,0.5,0.27,0.52,0.4,-1.7,1,memo,
2018/07/10 13:51:24,0,0,0,1643,320,0,0,0,0,0,40,WINWORD,0,0,236,0.48,0.26,0.49,0.3,0.32,0.97,memo,
2018/07/10 13:51:29,0,0,0,9,6,0,5,0,0,2,2.2,WINWORD,0,0,249,0.5,0.27,0.5,0.4,-1.77,0.97,memo,
2018/07/10 13:51:34,0,0,0,0,0,0,8,0,0,6,0,WINWORD,0,0,174,0.38,0.13,0.22,0.3,-0.75,0.47,memo,
2018/07/10 13:51:39,0,0,0,1,1,0,3,0,0,2,3.1,WINWORD,0,0,221,0.42,0.26,0.44,0.4,-1.32,0.8,memo,
2018/07/10 13:51:44,0,0,0,0,0,0,3,0,0,1,0,WINWORD,0,0,206,0.44,0.24,0.41,0.3,-1.16,0.66,memo,
2018/07/10 13:51:49,0,0,0,0,0,0,7,0,0,3,0,WINWORD,0,0,247,0.5,0.26,0.5,0.5,-1.63,0.97,memo,
2018/07/10 13:51:54,0,0,0,6828,535,0,0,0,0,0,47.3,WINWORD,0,0,248,0.5,0.26,0.5,0.3,-1.62,1,memo,
2018/07/10 13:51:59,0,0,0,294,53,0,2,0,1,0,44.4,WINWORD,0,0,226,0.49,0.23,0.46,0.3,-1.43,0.83,memo,
2018/07/10 13:52:04,0,0,0,1,1,0,9,0,3,3,3.1,WINWORD,0,0,247,0.5,0.26,0.5,0.5,-1.71,1,memo,
2018/07/10 13:52:09,0,0,0,0,0,0,5,0,2,3,0,WINWORD,0,0,247,0.5,0.26,0.5,0.4,-1.62,1,memo,
2018/07/10 13:52:14,0,0,0,0,0,0,2,0,0,2,0,WINWORD,0,0,246,0.5,0.26,0.5,0.3,-1.6,1,memo,
2018/07/10 13:52:19,0,0,0,0,0,0,7,0,3,2,0,WINWORD,0,0,196,0.45,0.17,0.41,0.3,-1.17,0.62,memo,
2018/07/10 13:52:24,0,0,0,0,0,0,6,0,0,3,0,WINWORD,0,0,245,0.5,0.26,0.5,0.4,-1.59,1,memo,
2018/07/10 13:52:29,0,0,0,0,0,0,1,0,1,1,0,WINWORD,0,0,245,0.5,0.26,0.5,0.3,-1.6,1,memo,
2018/07/10 13:52:34,0,0,0,0,0,0,0,0,0,0,0,WINWORD,0,0,230,0.46,0.26,0.46,0.2,-1.33,0.88,memo,
2018/07/10 13:52:39,0,0,0,0,0,0,5,0,0,4,0,WINWORD,0,0,244,0.5,0.26,0.5,0.3,-1.6,1,memo,
2018/07/10 13:52:44,1,0,0,2622,551,0,0,0,1,0,44.9,WINWORD,0,0,245,0.5,0.25,0.5,0.5,-1.65,1,memo,
2018/07/10 13:52:49,0,0,0,353,49,0,0,0,0,0,17.5,WINWORD,0,0,224,0.48,0.18,0.46,0.2,-1.4,0.82,memo,
2018/07/10 13:52:54,0,0,0,0,0,0,0,0,0,0,0,WINWORD,0,0,235,0.48,0.25,0.49,0.4,-1.54,0.91,memo,
2018/07/10 13:52:59,0,0,0,0,0,0,0,0,0,0,0,WINWORD,0,0,227,0.53,0.24,0.47,0.4,-1.44,0.88,memo,
2018/07/10 13:53:04,0,0,0,0,0,0,0,0,0,0,0,WINWORD,0,0,228,0.5,0.24,0.47,0.4,-1.38,0.82,memo,
2018/07/10 13:53:09,0,0,0,0,0,0,6,0,0,2,0,WINWORD,0,0,241,0.5,0.26,0.51,0.4,-1.66,0.97,memo,
2018/07/10 13:53:14,0,0,0,0,0,0,7,0,0,4,0,WINWORD,0,0,227,0.53,0.24,0.47,0.4,-1.42,0.88,memo,
2018/07/10 13:53:19,0,0,0,0,0,0,10,0,0,5,0,WINWORD,0,0,242,0.5,0.26,0.5,0.4,-1.62,1,memo,
2018/07/10 13:53:24,0,0,0,0,0,0,3,0,2,1,0,WINWORD,0,0,215,0.49,0.27,0.38,0.3,-1.32,0.77,memo,
2018/07/10 13:53:29,0,0,0,0,0,0,6,0,5,3,0,WINWORD,0,0,198,0.38,0.22,0.42,0.3,-1.11,0.61,memo,
2018/07/10 13:53:34,0,0,0,0,0,0,7,0,0,5,0,WINWORD,0,0,196,0.42,0.2,0.32,0.3,-1.03,0.52,memo,
2018/07/10 13:53:39,0,0,0,0,0,0,0,0,1,0,0,WINWORD,0,0,160,0.3,0.2,0.2,0.2,-0.62,0.36,memo,
2018/07/10 13:53:44,0,0,0,0,0,0,0,0,2,2,0,WINWORD,0,0,178,0.39,0.17,0.31,0.3,-0.82,0.45,memo,
2018/07/10 13:53:49,0,0,0,0,0,0,0,0,2,0,0,WINWORD,0,0,221,0.46,0.27,0.4,0.4,-1.29,0.76,memo,
2018/07/10 13:53:54,0,0,0,0,0,0,0,0,0,0,0,WINWORD,0,0,241,0.5,0.26,0.48,0.4,-1.56,0.97,memo,
2018/07/10 13:53:59,0,0,0,1,1,0,3,0,1,3,6.3,WINWORD,0,0,202,0.52,0.17,0.42,0.2,-1.11,0.62,memo,
2018/07/10 13:54:04,0,0,0,0,0,0,9,0,0,3,0,WINWORD,0,0,202,0.44,0.26,0.36,0.3,-1.12,0.59,memo,
2018/07/10 13:54:09,0,0,0,0,0,0,9,0,0,3,0,WINWORD,0,0,187,0.37,0.26,0.26,0.2,-0.82,0.52,memo,
2018/07/10 13:54:14,0,0,0,0,0,0,5,0,0,5,0,WINWORD,0,0,174,0.14,0.22,0.38,0.2,-0.81,0.48,memo,
2018/07/10 13:54:19,0,0,0,2914,459,0,4,0,0,2,39.6,WINWORD,0,0,162,0.43,0.14,0.3,0.1,-0.68,0.3,memo,
2018/07/10 13:54:24,0,0,0,7619,538,0,2,0,0,2,51.3,WINWORD,0,0,163,0.36,0.14,0.34,0.1,-0.6,0.4,memo,
2018/07/10 13:54:29,0,0,0,391,160,0,4,4,0,1,10.9,WINWORD,0,0,205,0.33,0.22,0.43,0.1,-1.16,0.69,memo,
2018/07/10 13:54:34,0,0,0,1207,206,0,4,0,1,3,14.8,WINWORD,0,0,224,0.46,0.25,0.48,0.4,-1.32,0.88,memo,
2018/07/10 13:54:39,0,0,0,5025,498,0,0,0,0,0,60.5,WINWORD,0,0,239,0.5,0.25,0.5,0.2,-1.63,1,memo,
2018/07/10 13:54:44,0,0,0,93,19,0,0,0,0,0,13.9,WINWORD,0,0,222,0.45,0.41,0.43,0.3,-2.99,0.75,memo,
2018/07/10 13:54:49,0,0,0,789,112,0,0,0,0,0,40.6,WINWORD,0,0,228,0.5,0.87,0.49,0.6,-1.07,1,memo,
2018/07/10 13:54:54,2,0,0,4210,390,0,0,0,0,0,22.3,chrome,0,0,206,0.48,0.78,0.45,0.3,-1.15,0.86,memo,
2018/07/10 13:54:59,1,0,0,1126,289,0,0,0,0,0,22.3,chrome,0,0,192,0.47,0.71,0.3,0.3,-1.19,0.77,memo,
2018/07/10 13:55:04,0,0,0,4,1,0,0,0,0,0,12.6,chrome,0,0,203,0.49,0.73,0.42,0.2,-1.17,0.77,memo,
2018/07/10 13:55:09,1,0,0,76,26,0,0,0,0,0,6.8,chrome,0,0,158,0.34,0.6,0.28,0.2,-0.89,0.59,memo,
2018/07/10 13:55:14,1,0,0,4487,623,0,0,0,0,0,33.1,WINWORD,0,0,143,0.27,0.42,0.19,0,-0.48,0.27,memo,
2018/07/10 13:55:19,0,0,0,1567,220,0,0,0,0,1,27.4,WINWORD,0,0,222,0.5,0.82,0.49,0.3,-1.45,0.94,memo,
2018/07/10 13:55:24,0,0,0,20,5,0,0,0,0,0,3.6,WINWORD,0,0,229,0.5,0.85,0.49,0.4,-1.59,1,memo,
2018/07/10 13:55:29,0,0,0,14,4,0,0,0,0,0,2.2,WINWORD,0,0,197,0.48,0.71,0.37,0.3,-1.23,0.78,memo,
2018/07/10 13:55:34,0,0,0,31,8,0,0,0,0,0,6.3,WINWORD,0,0,229,0.5,0.85,0.49,0.3,-1.63,1,memo,
2018/07/10 13:55:39,0,0,0,1,1,0,0,0,0,0,3.1,WINWORD,0,0,229,0.5,0.86,0.49,0.4,-1.58,1,memo,
2018/07/10 13:55:44,0,0,0,0,0,0,0,0,0,0,0,WINWORD,0,0,211,0.45,0.78,0.43,0.3,-1.26,0.79,memo,
2018/07/10 13:55:49,0,0,0,87,49,0,0,0,0,0,1.6,WINWORD,0,0,148,0.43,0.32,0.16,0.2,-0.38,0.22,memo,
2018/07/10 13:55:54,0,0,0,2341,375,0,0,0,0,0,40.2,WINWORD,0,0,210,0.48,0.66,0.33,-0.3,-1.99,0.85,memo,
2018/07/10 13:55:59,1,0,0,78,26,0,0,0,0,0,7.9,WINWORD,0,0,147,0.45,0.55,0.29,0.1,-0.68,0.4,memo,
2018/07/10 13:56:04,0,0,0,1439,346,0,0,0,0,0,14.3,WINWORD,0,0,163,0.33,0.61,0.31,0.2,-0.88,0.51,memo,
2018/07/10 13:56:09,0,0,0,1574,188,0,0,0,0,0,35.2,POWERPNT,0,0,179,0.42,0.69,0.38,0.2,-0.91,0.57,memo,
2018/07/10 13:56:14,0,0,0,0,0,0,0,0,0,0,0,POWERPNT,0,0,215,0.49,0.77,0.47,0.3,-1.45,0.91,memo,
2018/07/10 13:56:19,0,0,0,2637,735,0,0,0,0,0,56.9,Datalogging,0,0,173,0.41,0.42,0.29,0.2,-0.9,0.55,memo,
2018/07/10 13:56:24,0,0,0,486,76,0,0,0,0,0,21.1,Idle,0,0,220,0.5,0.81,0.48,0.4,-1.61,1,memo,
2018/07/10 13:56:29,1,0,0,3110,763,0,0,0,0,0,29.4,chrome,0,0,214,0.48,0.78,0.46,0.4,-1.54,0.94,memo,
2018/07/10 13:56:34,0,0,0,121,46,0,0,0,0,0,16.4,chrome,0,0,220,0.5,0.81,0.48,0.4,-1.6,1,memo,
2018/07/10 13:56:39,0,0,0,324,83,0,0,0,0,0,33.6,chrome,0,0,221,0.49,0.81,0.48,0.4,-1.62,1,memo,
2018/07/10 13:56:44,2,0,0,3599,361,0,0,0,0,0,20.4,WINWORD,0,0,137,0.31,0.46,0.21,0.1,-0.51,0.24,memo,
2018/07/10 13:56:49,0,0,0,11339,1641,0,0,0,0,0,42.2,POWERPNT,0,0,174,0.45,0.61,0.31,0.3,-1.04,0.58,memo,
2018/07/10 13:56:54,0,0,0,1382,255,0,0,0,0,0,16.5,WINWORD,0,0,201,0.46,0.8,0.45,0.3,-1.45,0.88,memo,
2018/07/10 13:56:59,0,0,0,22,12,0,0,0,0,0,2,WINWORD,0,0,176,0.5,0.5,0.49,0.3,-1.72,0.33,memo,
2018/07/10 13:57:04,0,0,0,0,0,0,0,0,0,0,0,WINWORD,0,0,148,0.35,0.43,0.13,-0.6,0.29,0,memo,
2018/07/10 13:57:09,0,0,0,0,0,0,0,0,0,0,0,WINWORD,0,0,198,0.38,0.85,0.41,0.3,-1.19,0,memo,
2018/07/10 13:57:14,0,0,0,0,0,0,0,0,0,0,0,WINWORD,0,0,181,0.42,0.68,0.24,0.1,-1.09,0,memo,
2018/07/10 13:57:19,0,0,0,0,0,0,0,0,0,0,0,WINWORD,0,0,124,0.39,0.43,0.07,0.1,-0.54,0,memo,
2018/07/10 13:57:24,0,0,0,0,0,0,0,0,0,0,0,WINWORD,0,0,179,0.4,0.77,0.31,0.1,-1.07,0,memo,
2018/07/10 13:57:29,0,0,0,0,0,0,0,0,0,0,0,WINWORD,0,0,174,0.37,0.73,0.34,0.2,-0.91,0,memo,
2018/07/10 13:57:34,0,0,0,0,0,0,0,0,0,0,0,WINWORD,0,0,199,0.43,0.89,0.4,0.3,-0.83,0,memo,
2018/07/10 13:57:39,1,0,0,3628,383,0,0,0,0,0,32.1,chrome,0,0,187,0.41,0.54,0.24,0,-0.83,0,memo,
2018/07/10 13:57:44,0,0,0,3146,440,0,0,0,0,0,17,chrome,0,0,209,0.44,0.89,0.42,0.3,-1.47,0,memo,
2018/07/10 13:57:49,0,0,0,104,73,0,0,0,0,0,10,chrome,0,0,192,0.4,0.82,0.39,0.3,-1.26,0,memo,
2018/07/10 13:57:54,2,0,0,1980,560,0,0,0,0,0,30.4,chrome,0,0,229,0.46,1,0.46,0.4,-1.58,0,memo,
2018/07/10 13:57:59,0,0,0,585,172,0,0,0,0,0,32,chrome,0,0,202,0.45,0.88,0.3,0.3,-1.35,0,memo,
2018/07/10 13:58:04,0,0,0,269,52,0,0,0,0,0,13.7,chrome,0,0,143,0.26,0.57,0.19,0.1,-0.58,0,memo,
2018/07/10 13:58:09,0,0,0,1281,129,0,0,0,0,0,25.9,chrome,0,0,208,0.45,0.73,0.39,0.4,-0.97,0.23,memo,
2018/07/10 13:58:14,0,0,0,261,42,0,0,0,0,0,38.7,chrome,0,0,248,0.49,0.31,0.6,0.4,0.02,0.9,memo,
2018/07/10 13:58:19,0,0,0,716,87,0,0,0,0,0,46.3,chrome,0,0,252,0.5,0.23,0.55,0.4,-1.63,1,memo,
2018/07/10 13:58:24,0,0,0,451,117,0,0,0,0,0,40.5,chrome,0,0,227,0.46,0.18,0.51,0.3,-1.28,0.82,memo,
2018/07/10 13:58:29,0,0,0,406,71,0,0,0,0,0,20.1,chrome,0,0,204,0.57,0.47,0.43,0.5,-1.72,0.5,memo,
2018/07/10 13:58:34,1,1,0,1791,382,0,0,0,0,0,20.7,chrome,0,0,234,0.47,0.97,0.46,0.4,-1.52,0,memo,
2018/07/10 13:58:39,0,0,0,13,10,0,0,0,0,0,5.7,chrome,0,0,233,0.46,0.97,0.46,0.4,-1.49,0,memo,
2018/07/10 13:58:44,0,0,0,921,111,0,0,0,0,0,46.7,chrome,0,0,196,0.57,0.77,0.34,0.2,-1.64,0.19,memo,
2018/07/10 13:58:49,0,0,0,1,1,0,0,0,0,0,3.1,chrome,0,0,202,0.64,0.8,0.4,0.3,-1.24,0,memo,
2018/07/10 13:58:54,1,1,0,1331,267,0,0,0,0,0,79,chrome,0,0,190,0.54,0.61,0.38,0.3,-0.83,0.44,memo,
2018/07/10 13:58:59,1,0,0,2887,231,0,0,0,0,0,56.4,chrome,0,0,154,0.34,0.17,0.2,0.1,-0.44,0.2,memo,
2018/07/10 13:59:04,0,0,0,1434,497,0,0,0,0,0,5.5,chrome,0,0,198,0.45,0.32,0.4,0.3,-1.11,0.59,memo,
2018/07/10 13:59:09,0,0,0,1945,228,0,0,0,0,0,25.1,chrome,0,0,220,0.36,0.37,0.43,-1.1,0.14,0.79,memo,
2018/07/10 13:59:14,1,0,0,1804,148,0,1,0,0,0,21.3,chrome,0,0,199,0.38,0.17,0.32,0,-0.78,0.49,memo,
2018/07/10 13:59:19,0,0,0,0,0,0,4,0,2,0,0,chrome,0,0,191,0.35,0.14,0.38,0.1,-0.7,0.51,memo,
2018/07/10 13:59:24,1,0,0,580,106,0,0,0,0,1,19.9,chrome,0,0,254,0.5,0.47,0.52,0.4,-1.13,1,memo,
2018/07/10 13:59:29,1,0,0,4260,285,0,0,0,0,0,33.1,WINWORD,0,0,169,0.41,0.28,0.07,0.1,-2.08,0.35,memo,
2018/07/10 13:59:34,0,0,0,0,0,0,0,0,0,0,0,WINWORD,0,0,193,-0.09,0.43,0.45,0.7,-0.8,0.79,memo,
2018/07/10 13:59:39,0,0,0,0,0,0,0,0,0,0,0,WINWORD,0,0,201,0.47,0.66,0.45,0.3,-1.44,0.77,memo,
2018/07/10 13:59:44,0,0,0,0,0,0,0,0,0,0,0,WINWORD,0,0,215,0.48,0.67,0.5,0.4,-1.39,1,memo,
2018/07/10 13:59:49,0,0,0,0,0,0,0,0,0,0,0,WINWORD,0,0,217,0.48,0.39,0.5,-0.3,-1.07,1,memo,
2018/07/10 13:59:54,0,0,0,1,1,0,0,0,0,0,0,WINWORD,0,0,156,0.37,0.44,0.34,0.4,-0.61,0.42,memo,
2018/07/10 13:59:59,0,0,0,0,0,0,0,0,0,0,0,WINWORD,0,0,214,0.09,0.56,0.45,0.6,-0.56,0.81,memo,
2018/07/10 14:00:04,0,0,0,0,0,0,0,0,0,0,0,WINWORD,0,0,243,0.08,0.55,0.51,-0.1,-1.41,1,memo,
2018/07/10 14:00:09,0,0,0,0,0,0,0,0,0,0,0,WINWORD,0,0,247,0.28,0.42,0.5,0.7,0.52,1,memo,
2018/07/10 14:00:14,0,0,0,6327,381,0,0,0,0,0,51.8,WINWORD,0,0,248,0.47,0.23,0.5,0.4,-2.08,0.94,memo,
2018/07/10 14:00:19,0,0,0,1232,398,0,0,0,0,0,21.9,WINWORD,0,0,189,0.44,0.17,0.23,0.2,-0.92,0.57,memo,
2018/07/10 14:00:24,1,0,0,2751,256,0,0,0,0,0,22.7,chrome,0,0,186,0.4,0.11,0.23,0.2,-0.78,0.45,memo,
2018/07/10 14:00:29,1,0,0,1257,455,0,1,0,0,1,17.5,chrome,0,0,218,0.39,0.25,0.51,0,-1.27,0.79,memo,
2018/07/10 14:00:34,1,0,0,999,162,0,0,0,0,0,12.9,chrome,0,0,254,0.5,0.23,0.51,0.4,-1.49,1,memo,
2018/07/10 14:00:39,0,0,0,0,0,0,0,0,0,0,0,chrome,0,0,253,0.5,0.23,0.51,0.4,-1.62,1,memo,
2018/07/10 14:00:44,0,0,0,18,9,0,0,0,0,0,5.8,chrome,0,0,210,0.36,0.29,0.4,0.3,-1.32,0.65,memo,
2018/07/10 14:00:49,0,0,0,0,0,0,0,0,0,0,0,chrome,0,0,141,0.26,0.12,0.23,-0.1,-0.12,0.15,memo,
2018/07/10 14:00:54,0,0,0,414,126,0,0,0,0,0,10,chrome,0,0,177,0.36,0.2,0.22,0.2,-0.48,0.37,memo,
2018/07/10 14:00:59,1,0,0,505,123,0,0,0,0,0,23,chrome,0,0,201,0.36,0.2,0.21,0.2,-0.85,0.51,memo,
2018/07/10 14:01:04,0,0,0,0,0,0,0,0,0,0,0,chrome,0,0,229,0.49,0.25,0.42,0.4,-1.46,0.91,memo,
2018/07/10 14:01:09,0,0,0,0,0,0,0,0,0,0,0,chrome,0,0,251,0.5,0.26,0.51,0.4,-1.59,1,memo,
2018/07/10 14:01:14,0,0,0,0,0,0,0,0,0,0,0,chrome,0,0,230,0.42,0.22,0.47,0.3,-1.32,0.83,memo,
2018/07/10 14:01:19,0,0,0,0,0,0,0,0,0,0,0,chrome,0,0,252,0.5,0.25,0.51,0.4,-1.59,1,memo,
2018/07/10 14:01:24,0,0,0,0,0,0,0,0,0,0,0,chrome,0,0,215,0.44,0.23,0.45,0.3,-1.34,0.8,memo,
2018/07/10 14:01:29,0,0,0,0,0,0,0,0,0,0,0,chrome,0,0,182,0.19,0.28,0.36,0.2,-0.71,0.33,memo,
2018/07/10 14:01:34,0,0,0,0,0,0,0,0,0,0,0,chrome,0,0,205,0.46,0.2,0.42,0.3,-1.22,0.71,memo,
2018/07/10 14:01:39,0,0,0,0,0,0,0,0,0,0,0,chrome,0,0,160,0.41,0.16,0.25,0.1,-0.54,0.42,memo,
2018/07/10 14:01:44,0,0,0,42,9,0,0,0,0,0,7.9,chrome,0,0,208,0.43,0.1,0.32,0.2,-1.01,0.55,memo,
2018/07/10 14:01:49,0,0,0,0,0,0,0,0,0,0,0,chrome,0,0,177,0.39,0.17,0.3,0.1,-0.67,0.44,memo,
2018/07/10 14:01:54,0,0,0,0,0,0,0,0,0,0,0,chrome,0,0,154,0.27,0.13,0.19,0.1,-0.42,0.26,memo,
2018/07/10 14:01:59,1,0,0,3433,567,0,0,0,0,0,38.4,chrome,0,0,242,0.48,0.25,0.49,0.4,-1.52,0.94,memo,
2018/07/10 14:02:04,0,0,0,240,49,0,0,0,0,0,11.2,chrome,0,0,180,0.45,0.16,0.21,0.3,-0.62,0.36,memo,
2018/07/10 14:02:09,1,0,0,850,155,0,0,0,0,0,31.9,chrome,0,0,230,0.49,0.24,0.4,0.3,-1.53,0.88,memo,
2018/07/10 14:02:14,1,0,0,471,35,0,0,0,0,0,17.3,chrome,0,0,247,0.5,0.27,0.51,0.4,-1.54,0.97,memo,
2018/07/10 14:02:19,1,0,0,5021,627,0,0,0,0,0,62.6,chrome,0,0,209,0.44,0.23,0.3,0.3,-1.16,0.72,memo,
2018/07/10 14:02:24,0,0,0,1232,297,0,0,0,0,0,26.3,chrome,0,0,228,0.5,0.24,0.4,0.4,-1.32,0.77,memo,
2018/07/10 14:02:29,2,0,0,2394,388,0,0,0,0,0,23.3,WINWORD,0,0,209,0.41,0.22,0.42,0.3,-1.26,0.75,memo,
2018/07/10 14:02:34,0,0,0,0,0,0,0,0,0,0,0,WINWORD,0,0,245,0.5,0.26,0.51,0.6,-2.13,1,memo,
2018/07/10 14:02:39,0,0,0,0,0,0,0,0,0,0,0,WINWORD,0,0,243,0.5,0.28,0.51,0.5,-1.98,1,memo,
2018/07/10 14:02:44,0,0,0,0,0,0,0,0,0,0,0,WINWORD,0,0,250,0.5,0.24,0.51,0.3,-0.65,1,memo,
2018/07/10 14:02:49,0,0,0,0,0,0,0,0,0,0,0,WINWORD,0,0,257,0.5,0.24,0.51,0.4,-0.99,1,memo,
2018/07/10 14:02:54,0,0,0,1274,267,0,0,0,0,0,12.4,WINWORD,0,0,253,0.49,0.26,0.51,-0.2,-2.34,1,memo,
2018/07/10 14:02:59,0,0,0,133,45,0,4,0,2,1,6.6,WINWORD,0,0,243,0.49,0.28,0.51,0.6,-2.02,1,memo,
2018/07/10 14:03:04,0,0,0,0,0,0,4,0,3,2,0,WINWORD,0,0,242,0.5,0.27,0.51,0.5,-1.72,1,memo,
2018/07/10 14:03:09,0,0,0,9687,732,0,0,0,0,0,73.4,WINWORD,0,0,245,0.49,0.27,0.5,0.5,-1.45,1,memo,
2018/07/10 14:03:14,0,0,0,1653,456,0,0,0,0,0,14.5,WINWORD,0,0,245,0.49,0.27,0.5,0.4,-1.62,1,memo,
2018/07/10 14:03:19,0,0,0,537,84,0,0,0,1,0,33.5,WINWORD,0,0,242,0.5,0.28,0.5,0.3,-2.15,1,memo,
2018/07/10 14:03:24,0,0,0,821,222,0,0,0,0,0,8.9,WINWORD,0,0,196,0.27,0.11,0.25,0.5,0.31,0.51,memo,
2018/07/10 14:03:29,0,0,0,5347,585,0,0,0,0,0,45.8,WINWORD,0,0,251,0.5,0.28,0.5,0.3,-1.81,1,memo,
2018/07/10 14:03:34,0,0,0,2029,241,0,0,0,0,0,30.6,WINWORD,0,0,251,0.5,0.28,0.5,0.4,-1.62,1,memo,
2018/07/10 14:03:39,1,0,0,1492,270,0,0,0,0,0,32.6,chrome,0,0,161,0.37,0.21,0.22,0.2,-0.69,0.27,memo,
2018/07/10 14:03:44,1,0,0,1131,345,0,6,0,5,0,7.6,chrome,0,0,181,0.41,0.07,0.29,0.3,-0.71,0.4,memo,
2018/07/10 14:03:49,0,0,0,0,0,0,11,0,0,3,0,chrome,0,0,247,0.5,0.26,0.5,0.3,-1.6,1,memo,
2018/07/10 14:03:54,1,0,0,443,119,0,0,0,0,2,16.7,chrome,0,0,190,0.49,0.23,0.33,0.5,-0.78,0.52,memo,
2018/07/10 14:03:59,0,0,0,1049,275,0,0,0,0,0,31.7,chrome,0,0,131,0.19,0.13,0.23,0.1,-0.33,0.25,memo,
2018/07/10 14:04:04,0,0,0,755,88,0,0,0,0,0,48,chrome,0,0,165,0.35,0.22,0.23,0.1,-0.51,0.29,memo,
2018/07/10 14:04:09,1,0,0,550,150,0,0,0,0,0,4.6,chrome,0,0,184,0.44,0.13,0.22,0.2,-0.72,0.35,memo,
2018/07/10 14:04:14,0,0,0,0,0,0,0,0,0,0,0,chrome,0,0,160,0.36,0.17,0.12,0.2,-0.52,0.3,memo,
2018/07/10 14:04:19,0,0,0,480,116,0,0,0,0,0,16.5,chrome,0,0,163,0.29,0.19,0.24,0.2,-0.56,0.33,memo,
2018/07/10 14:04:24,1,0,0,7636,920,0,0,0,0,0,35.9,chrome,0,0,185,0.38,0.23,0.31,0.2,-0.94,0.64,memo,
2018/07/10 14:04:29,0,0,0,530,169,0,0,0,0,0,14.6,chrome,0,0,224,0.5,0.2,0.47,0.3,-1.36,0.85,memo,
2018/07/10 14:04:34,0,0,0,93,18,0,0,0,0,0,11.4,chrome,0,0,238,0.5,0.27,0.51,0.6,-5.16,1,memo,
2018/07/10 14:04:39,1,0,0,776,80,0,0,0,0,0,21.8,chrome,0,0,172,0.43,0.23,0.32,0.3,-1.53,0.8,memo,
2018/07/10 14:04:44,0,0,0,310,29,0,0,0,0,0,30.4,chrome,0,0,186,0.44,0.19,0.44,0.2,-1.12,0.73,memo,
2018/07/10 14:04:49,2,0,0,853,132,0,0,0,1,1,51.7,chrome,0,0,210,0.49,0.25,0.51,0.4,-1.7,1,memo,
2018/07/10 14:04:54,0,0,0,1315,235,0,0,0,0,0,23,chrome,0,0,161,0.25,0.31,0.75,0.3,-1.05,0.55,memo,
2018/07/10 14:04:59,0,0,0,1044,138,0,0,0,0,0,79.8,WINWORD,0,0,147,0.28,0.6,0.33,-0.1,-1.07,0.52,memo,
2018/07/10 14:05:04,0,0,0,0,0,0,1,0,5,0,0,WINWORD,0,0,216,0.5,0.79,0.5,0.5,-1.52,1,memo,
2018/07/10 14:05:09,0,0,0,0,0,0,0,0,1,0,0,WINWORD,0,0,204,0.5,0.75,0.47,0.4,-1.43,0.88,memo,
2018/07/10 14:05:14,0,0,0,0,0,0,7,0,0,2,0,WINWORD,0,0,178,0.42,0.61,0.42,0.3,-1.26,0.74,memo,
2018/07/10 14:05:19,0,0,0,2264,366,0,0,0,10,1,31.8,WINWORD,0,0,224,0.5,0.9,0.49,0.5,-0.43,0.94,memo,
2018/07/10 14:05:24,0,0,0,0,0,0,11,0,0,3,0,WINWORD,0,0,226,0.5,0.92,0.49,0.4,-1.61,1,memo,
2018/07/10 14:05:29,0,0,0,0,0,0,4,0,1,3,0,WINWORD,0,0,227,0.5,0.92,0.49,0.4,-1.57,0.97,memo,
2018/07/10 14:05:34,0,0,0,2,1,0,8,0,0,4,4.7,WINWORD,0,0,229,0.5,0.93,0.49,0.4,-1.62,1,memo,
2018/07/10 14:05:39,0,0,0,0,0,0,4,0,0,1,0,WINWORD,0,0,228,0.5,0.94,0.49,0.4,-1.59,1,memo,
2018/07/10 14:05:44,0,0,0,0,0,0,1,0,0,1,0,WINWORD,0,0,228,0.5,0.94,0.49,0.4,-1.55,1,memo,
2018/07/10 14:05:49,0,0,0,0,0,0,0,0,0,0,0,WINWORD,0,0,227,0.5,0.94,0.49,0.4,-1.6,1,memo,
2018/07/10 14:05:54,0,0,0,0,0,0,2,0,0,1,0,WINWORD,0,0,228,0.5,0.94,0.49,0.4,-1.62,1,memo,
2018/07/10 14:05:59,0,0,0,3737,826,0,0,0,0,1,38,Datalogging,0,0,229,0.5,0.94,0.49,0.4,-1.6,1,memo,
2018/07/10 14:06:04,0,0,0,0,0,0,0,0,0,0,0,Datalogging,0,0,227,0.5,0.91,0.49,0.4,-1.61,1,memo,
2018/07/10 14:06:09,0,0,0,0,0,0,0,0,0,0,0,Datalogging,0,0,228,0.5,0.91,0.49,0.4,-1.59,1,memo,
2018/07/10 14:06:14,1,0,0,79,13,0,0,0,0,0,10.1,Datalogging,0,0,229,0.5,0.91,0.49,0.4,-1.62,1,memo,
2018/07/10 14:06:19,2,0,0,350,39,0,0,0,0,0,25.7,Datalogging,0,0,228,0.5,0.91,0.49,0.4,-1.61,1,memo,
2018/07/10 14:06:24,2,0,0,599,71,0,0,0,0,0,28.8,Datalogging,0,0,227,0.5,0.91,0.49,0.4,-1.59,1,memo,
2018/07/10 14:06:29,0,0,0,1230,309,0,0,0,0,0,2.2,WINWORD,0,0,227,0.5,0.92,0.49,0.4,-1.61,1,memo,
2018/07/10 14:06:34,0,0,0,1010,81,0,0,0,0,0,40.4,WINWORD,0,0,228,0.5,0.94,0.49,0.4,-1.51,1,memo,
2018/07/10 14:06:39,0,0,0,126,43,0,0,0,0,0,1.3,WINWORD,0,0,229,0.5,0.94,0.49,0.4,-1.59,1,memo,
2018/07/10 14:06:44,0,0,0,9,7,0,0,0,5,0,2.9,WINWORD,0,0,192,0.48,0.69,0.38,0.1,-0.98,0.68,memo,
2018/07/10 14:06:49,0,0,0,0,0,0,0,0,1,2,0,WINWORD,0,0,163,0.35,0.7,0.34,0.2,-0.82,0.55,memo,
2018/07/10 14:06:54,0,0,0,0,0,0,0,0,3,0,0,WINWORD,0,0,169,0.41,0.52,0.39,0.2,-0.78,0.44,memo,
2018/07/10 14:06:59,0,0,0,0,0,0,0,0,4,1,0,WINWORD,0,0,124,0.28,0.46,0.19,0,-0.39,0.29,memo,
2018/07/10 14:07:04,0,0,0,3516,480,0,0,0,0,0,50.3,WINWORD,0,0,165,0.32,0.59,0.18,0.1,-0.53,0.36,memo,
2018/07/10 14:07:09,2,0,0,3489,724,0,0,0,0,1,51.5,WINWORD,0,0,202,0.48,0.74,0.26,0.3,-1.2,0.79,memo,
2018/07/10 14:07:14,2,0,0,2577,653,0,0,0,0,0,50,WINWORD,0,0,139,0.26,0.62,0.33,0,-0.63,0.38,memo,
2018/07/10 14:07:19,1,0,0,604,55,0,0,0,0,0,57.9,WINWORD,0,0,142,0.47,0.36,0.29,0.2,-0.41,0.19,memo,
2018/07/10 14:07:24,0,0,0,18,10,0,0,0,0,0,3.1,WINWORD,0,0,167,0.37,0.66,0.31,0.2,-0.69,0.37,memo,
2018/07/10 14:07:29,0,0,0,47,10,0,0,0,0,0,5.7,WINWORD,0,0,146,0.36,0.4,0.17,0.2,-0.46,0.3,memo,
2018/07/10 14:07:34,1,0,0,1115,374,0,0,0,0,0,18.9,WINWORD,0,0,143,0.35,0.42,0.19,0,-0.3,0.18,memo,
2018/07/10 14:07:39,0,0,0,448,245,0,1,0,1,0,0.6,WINWORD,0,0,184,0.35,0.74,0.28,0.2,-0.84,0.55,memo,
2018/07/10 14:07:44,1,0,0,3151,383,0,0,0,0,0,56.2,WINWORD,0,0,122,0.42,0.26,0.13,0.1,-0.28,0.21,memo,
2018/07/10 14:07:49,3,0,0,1380,137,0,0,0,0,0,38.9,WINWORD,0,0,156,0.26,0.64,0.29,0.2,-0.55,0.33,memo,
2018/07/10 14:07:54,1,0,0,225,34,0,0,0,0,0,18.4,WINWORD,0,0,194,0.48,0.76,0.39,0.2,-1.11,0.57,memo,
2018/07/10 14:07:59,0,0,0,34,17,0,3,0,0,0,4.1,WINWORD,0,0,181,0.44,0.61,0.29,0.3,-0.99,0.59,memo,
2018/07/10 14:08:04,0,0,0,0,0,0,3,0,0,2,0,WINWORD,0,0,182,0.38,0.67,0.34,0.2,-0.86,0.48,memo,
2018/07/10 14:08:09,0,0,0,0,0,0,7,0,0,2,0,WINWORD,0,0,227,0.5,0.92,0.49,0.4,-1.6,1,memo,
2018/07/10 14:08:14,1,0,0,226,23,0,0,0,0,1,20.1,WINWORD,0,0,147,0.36,0.47,0.11,0.2,-0.55,0.36,memo,
2018/07/10 14:08:19,1,0,0,133,52,0,5,0,0,2,11.4,WINWORD,0,0,168,0.43,0.6,0.06,0.2,-0.68,0.47,memo,
2018/07/10 14:08:24,0,0,0,0,0,0,3,0,0,1,0,WINWORD,0,0,175,0.39,0.55,0.21,0.1,-0.61,0.45,memo,
2018/07/10 14:08:29,2,0,0,1084,158,0,0,0,0,0,45.1,WINWORD,0,0,137,0.45,0.31,0.14,0,-0.27,0.24,memo,
2018/07/10 14:08:34,1,0,0,3957,827,0,0,0,0,0,37.7,WINWORD,0,0,157,0.32,0.61,0.33,0.1,-0.49,0.27,memo,
2018/07/10 14:08:39,0,0,0,21,14,0,7,0,0,2,4.5,WINWORD,0,0,221,0.48,0.85,0.46,0.5,-1.54,0.91,memo,
2018/07/10 14:08:44,0,0,0,0,0,0,5,0,0,2,0,WINWORD,0,0,144,0.4,0.55,0.27,0.2,-0.84,0.55,memo,
2018/07/10 14:08:49,1,0,0,209,43,0,3,0,0,1,3.3,WINWORD,0,0,211,0.48,0.76,0.27,0.3,-1.08,0.74,memo,
2018/07/10 14:08:54,0,0,0,235,43,0,2,0,0,1,11.7,WINWORD,0,0,197,0.47,0.78,0.43,0.2,-1.25,0.82,memo,
2018/07/10 14:08:59,0,0,0,0,0,0,0,0,0,0,0,WINWORD,0,0,203,0.49,0.76,0.31,0.3,-1.19,0.78,memo,
2018/07/10 14:09:04,0,0,0,0,0,0,2,0,0,1,0,WINWORD,0,0,182,0.52,0.57,0.38,0.3,-0.89,0.56,memo,
2018/07/10 14:09:09,0,0,0,0,0,0,0,0,0,2,0,WINWORD,0,0,179,0.46,0.63,0.37,0.3,-1.13,0.66,memo,
2018/07/10 14:09:14,0,0,0,0,0,0,5,0,0,2,0,WINWORD,0,0,228,0.5,0.9,0.49,0.4,-1.6,1,memo,
2018/07/10 14:09:19,0,0,0,151,111,0,2,0,0,2,2.6,WINWORD,0,0,207,0.47,0.8,0.46,0.3,-1.32,0.88,memo,
2018/07/10 14:09:24,4,0,0,5350,579,0,0,0,0,0,60.2,chrome,0,0,215,0.49,0.78,0.47,0.2,-1.35,0.85,memo,
2018/07/10 14:09:29,3,0,0,3519,275,0,0,0,0,0,56.7,chrome,0,0,210,0.47,0.8,0.46,0.3,-2.22,0.91,memo,
2018/07/10 14:09:34,1,0,0,1696,256,0,0,0,0,0,19.4,chrome,0,0,220,0.5,0.81,0.49,0.3,-1.58,1,memo,
2018/07/10 14:09:39,0,0,0,88,79,0,7,0,0,2,12.5,chrome,0,0,139,0.36,0.33,0.36,0.1,-0.52,0.22,memo,
2018/07/10 14:09:44,1,0,0,3087,613,0,0,0,0,0,32.4,chrome,0,0,169,0.42,0.56,0.33,0.2,-0.96,0.54,memo,
2018/07/10 14:09:49,0,0,0,2819,569,0,0,0,0,0,26.7,chrome,0,0,173,0.41,0.54,0.34,0.3,-0.88,0.45,memo,
2018/07/10 14:09:54,3,0,0,1741,315,0,4,0,0,1,46.9,WINWORD,0,0,150,0.35,0.52,0.28,0.1,-0.58,0.33,memo,
2018/07/10 14:09:59,0,0,0,0,0,0,1,0,0,1,0,WINWORD,0,0,166,0.41,0.53,0.28,0.1,-0.8,0.55,memo,
2018/07/10 14:10:04,0,0,0,0,0,0,9,0,0,3,0,WINWORD,0,0,173,0.47,0.58,0.32,0.2,-0.9,0.58,memo,
2018/07/10 14:10:09,1,0,0,2754,406,0,0,0,0,0,14.5,chrome,0,0,202,0.48,0.67,0.45,0.3,-1.23,0.82,memo,
2018/07/10 14:10:14,1,0,0,250,47,0,3,0,3,0,6.6,chrome,0,0,141,0.38,0.36,0.2,0,-0.45,0.33,memo,
2018/07/10 14:10:19,0,0,0,0,0,0,2,0,0,1,0,chrome,0,0,176,0.46,0.62,0.37,0.2,-1.15,0.74,memo,
2018/07/10 14:10:24,0,0,0,0,0,0,3,0,0,1,0,chrome,0,0,199,0.47,0.73,0.44,0.3,-1.31,0.85,memo,
2018/07/10 14:10:29,0,0,0,3151,283,0,0,0,0,1,47.7,chrome,0,0,139,0.16,0.58,0.38,-0.3,1.61,0.28,memo,
2018/07/10 14:10:34,1,0,0,920,216,0,0,0,0,0,8,WINWORD,0,0,170,0.37,0.02,0.29,-0.2,-0.64,0.26,memo,
2018/07/10 14:10:39,0,0,0,0,0,0,1,0,0,0,0,WINWORD,0,0,183,0.34,0.24,0.24,0.1,-0.7,0.35,memo,
2018/07/10 14:10:44,1,0,0,523,101,0,2,0,0,1,29.5,WINWORD,0,0,236,0.48,0.14,0.49,0.4,-1.42,0.88,memo,
2018/07/10 14:10:49,1,0,0,1711,181,0,0,0,0,0,43.5,WINWORD,0,0,237,0.48,0.22,0.49,0.4,-1.58,0.97,memo,
2018/07/10 14:10:54,3,0,0,1940,137,0,0,0,0,0,61.8,EXCEL,0,0,208,0.44,0.2,0.45,0.3,-1.42,0.88,memo,
2018/07/10 14:10:59,8,0,0,1607,211,0,0,0,0,0,79.4,WINWORD,0,0,198,0.39,0.22,0.27,0.1,-0.89,0.62,memo,
2018/07/10 14:11:04,3,0,0,1761,251,0,0,0,0,0,30.4,EXCEL,0,0,240,0.49,0.17,0.51,0.3,-1.45,0.91,memo,
2018/07/10 14:11:09,3,0,0,1423,198,0,0,0,0,0,32.2,WINWORD,0,0,250,0.5,0.23,0.51,0.4,-1.59,1,memo,
2018/07/10 14:11:14,2,0,0,475,53,0,0,0,0,0,32.4,WINWORD,0,0,249,0.5,0.23,0.51,0.4,-1.59,1,memo,
2018/07/10 14:11:19,2,0,0,835,99,0,0,0,0,0,35.2,WINWORD,0,0,220,0.4,0.23,0.37,0.3,-1.26,0.76,memo,
2018/07/10 14:11:24,2,0,0,1117,105,0,0,0,0,0,29.6,WINWORD,0,0,209,0.45,0.13,0.44,0.3,-1.09,0.62,memo,
2018/07/10 14:11:29,1,0,0,683,59,0,0,0,0,0,62.7,WINWORD,0,0,205,0.38,0.21,0.32,0.3,-1.06,0.66,memo,
2018/07/10 14:11:34,4,0,0,491,67,0,0,0,0,0,48.2,WINWORD,0,0,224,0.45,0.17,0.39,0.2,-1.17,0.77,memo,
2018/07/10 14:11:39,1,0,0,1625,185,0,0,0,0,0,45,WINWORD,0,0,159,0.35,0.06,0.17,0.1,-0.49,0.33,memo,
2018/07/10 14:11:44,1,0,0,634,88,0,0,0,0,0,33.3,WINWORD,0,0,172,0.25,0.17,0.25,0.2,-0.62,0.34,memo,
2018/07/10 14:11:49,2,0,0,912,94,0,0,0,0,0,34.9,WINWORD,0,0,167,0.27,0.22,0.25,0.2,-0.63,0.36,memo,
2018/07/10 14:11:54,2,0,0,871,79,0,0,0,0,0,52.8,WINWORD,0,0,182,0.4,0.15,0.34,0.1,-0.71,0.41,memo,
2018/07/10 14:11:59,1,0,0,371,43,0,0,0,0,0,50,WINWORD,0,0,213,0.4,0.18,0.44,0.3,-1.31,0.72,memo,
2018/07/10 14:12:04,2,0,0,699,92,0,0,0,0,0,22.9,WINWORD,0,0,248,0.5,0.23,0.5,0.4,-1.6,1,memo,
2018/07/10 14:12:09,3,0,0,3980,455,0,0,0,0,0,51.5,WINWORD,0,0,248,0.5,0.23,0.5,0.4,-1.52,1,memo,
2018/07/10 14:12:14,2,0,0,367,45,0,0,0,0,0,45.1,WINWORD,0,0,203,0.44,0.22,0.32,0.3,-1.1,0.72,memo,
2018/07/10 14:12:19,1,0,0,114,10,0,0,0,0,0,32.5,WINWORD,0,0,248,0.5,0.23,0.5,0.4,-1.69,1,memo,
2018/07/10 14:12:24,0,0,0,827,93,0,0,0,0,0,54.1,WINWORD,0,0,249,0.5,0.23,0.5,0.4,-1.6,1,memo,
2018/07/10 14:12:29,0,0,0,66,17,0,0,0,4,0,13.1,WINWORD,0,0,249,0.5,0.23,0.5,0.4,-1.51,1,memo,
2018/07/10 14:12:34,0,0,0,931,143,0,0,0,0,0,31.5,WINWORD,0,0,249,0.5,0.23,0.5,0.3,-1.57,1,memo,
2018/07/10 14:12:39,0,0,0,225,129,0,2,0,0,3,11.1,WINWORD,0,0,213,0.48,0.17,0.31,0.4,-1.28,0.74,memo,
2018/07/10 14:12:44,0,0,0,0,0,0,0,0,0,0,0,WINWORD,0,0,180,0.31,0.22,0.25,0.3,-0.81,0.41,memo,
2018/07/10 14:12:49,0,0,0,1,1,0,0,0,0,0,3.1,WINWORD,0,0,217,-0.34,0.66,0.54,0.6,-1.45,0.61,memo,
2018/07/10 14:12:54,0,0,0,0,0,0,0,0,0,0,0,WINWORD,0,0,234,0.5,0.82,0.5,0.4,-1.6,1,memo,
2018/07/10 14:12:59,0,0,0,2948,994,0,0,0,0,0,23.2,explorer,0,0,190,0.43,0.66,0.35,0,-0.41,0.5,memo,
2018/07/10 14:13:04,1,0,0,15,8,0,0,0,0,0,11.8,explorer,0,0,146,0.46,0.34,-0.09,0.2,-0.33,0.2,memo,
2018/07/10 14:13:09,0,0,0,0,0,0,0,0,0,0,0,explorer,0,0,212,0.49,0.75,0.44,0.3,-1.45,0.77,memo,
2018/07/10 14:13:14,0,0,0,0,0,0,0,0,0,0,0,explorer,0,0,194,0.5,0.62,0.2,0.4,-1.13,0.7,memo,
2018/07/10 14:13:19,0,0,0,0,0,0,0,0,0,0,0,explorer,0,0,176,0.39,0.61,0.34,0.2,-0.37,0.55,memo,
2018/07/10 14:13:24,0,0,0,3463,356,0,3,0,0,2,47.4,WINWORD,0,0,232,0.48,0.27,0.46,0.4,-1.97,0.85,memo,
2018/07/10 14:13:29,0,0,0,1298,183,0,7,0,0,3,9.2,WINWORD,0,0,240,0.48,0.27,0.47,0.4,-1.16,0.9,memo,
2018/07/10 14:13:34,1,0,0,2275,293,0,0,0,0,0,45.1,WINWORD,0,0,228,0.47,0.26,0.47,0.4,-1.58,0.94,memo,
2018/07/10 14:13:39,1,0,0,242,32,0,1,0,0,1,42.5,WINWORD,0,0,180,0.38,0.12,0.31,0.2,-1.13,0.59,memo,
2018/07/10 14:13:44,0,0,0,0,0,0,2,0,0,2,0,WINWORD,0,0,178,0.4,-0.02,0.24,0.2,-0.61,0.48,memo,
2018/07/10 14:13:49,0,0,0,383,85,0,0,0,0,1,25.1,WINWORD,0,0,171,0.16,0.26,0.37,0.2,-0.86,0.56,memo,
2018/07/10 14:13:54,0,0,0,3762,699,0,0,0,2,1,29.3,WINWORD,0,0,162,0.31,0.31,0.19,0.1,-0.43,0.28,memo,
2018/07/10 14:13:59,0,0,0,3218,611,0,0,0,0,0,19.2,WINWORD,0,0,153,0.41,0.12,0.27,0.1,-0.28,0.22,memo,
2018/07/10 14:14:04,0,0,0,1122,157,0,0,0,0,1,75,WINWORD,0,0,169,0.27,0.24,0.4,0.2,-0.88,0.51,memo,
2018/07/10 14:14:09,0,0,0,3465,487,0,0,0,0,0,31.9,WINWORD,0,0,172,0.35,0.22,0.33,0.2,-0.63,0.35,memo,
2018/07/10 14:14:14,1,0,0,1164,52,0,0,0,0,0,31.1,WINWORD,0,0,215,0.5,0.28,0.4,0.4,-1.27,0.76,memo,
2018/07/10 14:14:19,0,0,0,674,226,0,0,0,0,0,14.5,WINWORD,0,0,215,0.47,0.28,0.48,0.4,-1.5,0.94,memo,
2018/07/10 14:14:24,0,0,0,35,21,0,5,0,0,2,6,WINWORD,0,0,199,0.47,0.24,0.4,0.3,-1.7,0.88,memo,
2018/07/10 14:14:29,0,0,0,0,0,0,4,0,1,1,0,WINWORD,0,0,193,0.4,0.15,0.3,0.3,-0.82,0.67,memo,
2018/07/10 14:14:34,0,0,0,0,0,0,4,0,5,1,0,WINWORD,0,0,187,0.47,0.23,0.4,0.3,-1.26,0.57,memo,
2018/07/10 14:14:39,0,0,0,0,0,0,5,0,6,2,0,WINWORD,0,0,209,0.49,0.24,0.46,0.4,-1.38,0.82,memo,
2018/07/10 14:14:44,0,0,0,0,0,0,2,0,3,0,0,WINWORD,0,0,172,0.44,0.17,0.29,0.1,-0.79,0.54,memo,
2018/07/10 14:14:49,0,0,0,0,0,0,0,0,0,0,0,WINWORD,0,0,180,0.46,0.24,0.19,0.3,-0.84,0.49,memo,
2018/07/10 14:14:54,0,0,0,0,0,0,10,0,0,4,0,WINWORD,0,0,217,0.5,0.24,0.47,0.4,-1.43,0.88,memo,
2018/07/10 14:14:59,0,0,0,0,0,0,4,0,4,2,0,WINWORD,0,0,199,0.47,0.18,0.44,0.3,-1.19,0.75,memo,
2018/07/10 14:15:04,0,0,0,0,0,0,0,0,0,0,0,WINWORD,0,0,234,0.5,0.26,0.51,1.1,-0.41,1,memo,
2018/07/10 14:15:09,0,0,0,0,0,0,0,0,0,0,0,WINWORD,0,0,232,0.42,0.23,0.61,0.2,-0.47,0.8,memo,
2018/07/10 14:15:14,0,0,0,0,0,0,3,0,6,0,0,WINWORD,0,0,213,0.44,0.22,0.5,0.2,-1.22,0.75,memo,
2018/07/10 14:15:19,0,0,0,0,0,0,3,0,4,2,0,WINWORD,0,0,197,0.38,0.25,0.25,0.1,-0.77,0.52,memo,
2018/07/10 14:15:24,0,0,0,1,1,0,8,0,1,4,3.1,WINWORD,0,0,253,0.5,0.23,0.59,0.4,-1.63,1,memo,
2018/07/10 14:15:29,0,0,0,0,0,0,8,0,4,3,0,WINWORD,0,0,254,0.5,0.23,0.59,0.4,-1.61,1,memo,
2018/07/10 14:15:34,0,0,0,0,0,0,5,0,0,2,0,WINWORD,0,0,239,0.5,0.22,0.55,0.4,-1.49,0.91,memo,
2018/07/10 14:15:39,0,0,0,0,0,0,7,0,0,3,0,WINWORD,0,0,254,0.5,0.23,0.59,0.4,-1.58,1,memo,
2018/07/10 14:15:44,0,0,0,0,0,0,8,0,6,1,0,WINWORD,0,0,253,0.5,0.23,0.59,0.4,-1.64,1,memo,
2018/07/10 14:15:49,0,0,0,0,0,0,4,0,2,3,0,WINWORD,0,0,255,0.5,0.23,0.58,0.4,-1.59,1,memo,
2018/07/10 14:15:54,0,0,0,0,0,0,7,0,2,3,0,WINWORD,0,0,220,0.43,0.1,0.5,0.3,-1.18,0.69,memo,
2018/07/10 14:15:59,0,0,0,0,0,0,6,0,2,3,0,WINWORD,0,0,197,0.45,0.16,0.37,0.3,-0.96,0.63,memo,
2018/07/10 14:16:04,0,0,0,0,0,0,7,0,1,2,0,WINWORD,0,0,215,0.42,0.17,0.44,0.3,-1.16,0.68,memo,
2018/07/10 14:16:09,0,0,0,0,0,0,0,0,0,2,0,WINWORD,0,0,253,0.5,0.23,0.59,0.3,-1.74,1,memo,
2018/07/10 14:16:14,0,0,0,0,0,0,0,0,0,0,0,WINWORD,0,0,224,0.41,0.25,0.54,0.1,-1.1,0.77,memo,
2018/07/10 14:16:19,0,0,0,0,0,0,0,0,0,0,0,WINWORD,0,0,208,0.48,0.15,0.44,0.3,-1.04,0.61,memo,
2018/07/10 14:16:24,0,0,0,0,0,0,2,0,0,0,0,WINWORD,0,0,252,0.5,0.23,0.59,0.4,-1.78,1,memo,
2018/07/10 14:16:29,0,0,0,0,0,0,5,0,0,3,0,WINWORD,0,0,251,0.5,0.28,0.56,0.4,-1.79,1,memo,
2018/07/10 14:16:34,0,0,0,0,0,0,8,0,4,3,0,WINWORD,0,0,191,0.4,0.25,0.26,0.1,-0.78,0.55,memo,
2018/07/10 14:16:39,0,0,0,0,0,0,9,0,2,4,0,WINWORD,0,0,206,0.46,0.23,0.42,0.3,-1.04,0.62,memo,
2018/07/10 14:16:44,0,0,0,0,0,0,4,0,1,2,0,WINWORD,0,0,221,0.42,0.21,0.5,0.3,-1.35,0.74,memo,
2018/07/10 14:16:49,0,0,0,0,0,0,5,0,0,2,0,WINWORD,0,0,196,0.27,0.26,0.44,0.2,-0.89,0.52,memo,
2018/07/10 14:16:54,0,0,0,0,0,0,7,0,0,3,0,WINWORD,0,0,179,0.43,0.12,0.35,0.2,-0.56,0.32,memo,
2018/07/10 14:16:59,0,0,0,0,0,0,9,0,1,4,0,WINWORD,0,0,156,0.37,0.07,0.3,0,-0.49,0.31,memo,
2018/07/10 14:17:04,0,0,0,0,0,0,7,0,0,5,0,WINWORD,0,0,170,0.33,0.14,0.18,0,-0.38,0.29,memo,
2018/07/10 14:17:09,0,0,0,0,0,0,6,0,2,2,0,WINWORD,0,0,159,0.29,0.08,0.26,0.2,-0.53,0.29,memo,
2018/07/10 14:17:14,0,0,0,0,0,0,1,0,1,1,0,WINWORD,0,0,169,0.43,0.18,0.21,0.1,-0.51,0.28,memo,
2018/07/10 14:17:19,0,0,0,0,0,0,3,0,0,1,0,WINWORD,0,0,148,0.29,0.16,0.04,0,-0.13,0.13,memo,
2018/07/10 14:17:24,0,0,0,3508,344,0,0,0,0,1,62.6,WINWORD,0,0,175,0.26,0.27,0.3,0.1,-0.65,0.35,memo,
2018/07/10 14:17:29,0,0,0,1738,245,0,0,0,1,0,57,WINWORD,0,0,173,0.4,0.12,0.23,0.2,-0.65,0.4,memo,
2018/07/10 14:17:34,0,0,0,970,90,0,0,0,0,0,54.5,WINWORD,0,0,203,0.39,0.15,0.26,0.2,0.13,0.59,memo,
2018/07/10 14:17:39,0,0,0,469,71,0,0,0,0,1,31.4,WINWORD,0,0,213,0.51,0.1,0.19,0.3,-1.34,0.63,memo,
2018/07/10 14:17:44,0,0,0,1720,200,0,0,0,0,0,51.4,WINWORD,0,0,258,0.5,0.23,0.56,0.4,-1.66,1,memo,
2018/07/10 14:17:49,0,0,0,393,53,0,0,0,5,0,12.8,WINWORD,0,0,258,0.51,0.23,0.53,0.4,-1.36,1,memo,
2018/07/10 14:17:54,0,0,0,387,199,0,0,0,1,2,7.4,WINWORD,0,0,259,0.51,0.23,0.53,0.3,-1.62,1,memo,
2018/07/10 14:17:59,0,0,0,3829,639,0,0,0,0,0,29.4,WINWORD,0,0,258,0.5,0.23,0.57,0.5,-1.74,1,memo,
2018/07/10 14:18:04,0,0,0,1059,161,0,0,0,0,1,39.5,WINWORD,0,0,256,0.5,0.23,0.58,0.4,-1.68,1,memo,
2018/07/10 14:18:09,0,0,0,466,153,0,0,0,0,0,11.8,WINWORD,0,0,254,0.5,0.23,0.57,0.4,-1.58,1,memo,
2018/07/10 14:18:14,0,0,0,7054,1986,0,0,0,2,0,50.7,POWERPNT,0,0,205,0.43,0.04,0.5,0.3,-1.2,0.74,memo,
2018/07/10 14:18:19,3,0,0,5465,1004,0,0,0,0,0,39.9,explorer,0,0,256,0.5,0.23,0.55,0.4,-1.58,1,memo,
2018/07/10 14:18:24,1,0,0,4443,841,0,0,0,0,0,30.2,explorer,0,0,258,0.5,0.23,0.56,0.4,-1.68,1,memo,
2018/07/10 14:18:29,2,0,0,3026,681,0,0,0,0,0,38.8,chrome,0,0,255,0.5,0.23,0.57,0.4,-1.65,1,memo,
2018/07/10 14:18:34,0,0,0,0,0,0,0,0,0,0,0,chrome,0,0,256,0.5,0.23,0.57,0.4,-1.6,1,memo,
2018/07/10 14:18:39,1,0,0,2103,339,0,0,0,0,0,23.7,WINWORD,0,0,255,0.5,0.23,0.57,0.4,-1.61,1,memo,
2018/07/10 14:18:44,0,0,0,1975,203,0,0,0,0,0,39.9,WINWORD,0,0,254,0.5,0.23,0.57,0.4,-1.64,1,memo,
2018/07/10 14:18:49,0,0,0,370,130,0,0,0,0,1,43.9,WINWORD,0,0,254,0.5,0.23,0.57,0.5,-1.55,1,memo,
2018/07/10 14:18:54,1,0,0,3882,726,0,0,0,0,0,29.1,WINWORD,0,0,254,0.5,0.23,0.53,0.3,-1.65,1,memo,
2018/07/10 14:18:59,0,0,0,0,0,0,0,0,0,0,0,WINWORD,0,0,255,0.51,0.24,0.53,0.5,-1.34,1,memo,
2018/07/10 14:19:04,0,0,0,0,0,0,0,0,0,0,0,WINWORD,0,0,256,0.5,0.26,0.54,0.5,-1.9,1,memo,
2018/07/10 14:19:09,0,0,0,0,0,0,0,0,0,0,0,WINWORD,0,0,255,0.5,0.25,0.54,0.4,-1.6,1,memo,
2018/07/10 14:19:14,0,0,0,1,1,0,0,0,0,0,6.3,WINWORD,0,0,255,0.5,0.25,0.54,0.4,-1.61,1,memo,
2018/07/10 14:19:19,0,0,0,0,0,0,0,0,0,0,0,WINWORD,0,0,228,0.4,0.26,0.49,0.3,-1.36,0.86,memo,
2018/07/10 14:19:24,0,0,0,0,0,0,0,0,0,0,0,WINWORD,0,0,256,0.51,0.24,0.53,0.4,-1.54,1,memo,
2018/07/10 14:19:29,0,0,0,0,0,0,0,0,0,0,0,WINWORD,0,0,196,0.39,0.21,0.24,0.2,-0.8,0.52,memo,
2018/07/10 14:19:34,0,0,0,0,0,0,0,0,0,0,0,WINWORD,0,0,182,0.44,0.09,0.35,0.3,-0.87,0.48,memo,
2018/07/10 14:19:39,0,0,0,0,0,0,0,0,0,0,0,WINWORD,0,0,241,0.5,0.21,0.48,0.3,-1.41,0.85,memo,
2018/07/10 14:19:44,0,0,0,0,0,0,0,0,0,0,0,WINWORD,0,0,255,0.5,0.23,0.53,0.4,-1.58,1,memo,
2018/07/10 14:19:49,0,0,0,0,0,0,0,0,0,0,0,WINWORD,0,0,241,0.41,0.26,0.49,0.3,-1.37,0.82,memo,
2018/07/10 14:19:54,0,0,0,0,0,0,0,0,0,0,0,WINWORD,0,0,177,0.26,0.17,0.34,0,-0.53,0.39,memo,
2018/07/10 14:19:59,0,0,0,0,0,0,0,0,0,0,0,WINWORD,0,0,188,0.45,0.01,0.46,0.3,-1.03,0.62,memo,
2018/07/10 14:20:04,0,0,0,3360,414,0,0,0,0,0,53.8,WINWORD,0,0,205,0.76,0.06,0.42,0.3,-0.35,0.63,memo,
2018/07/10 14:20:09,2,0,0,3765,353,0,0,0,0,0,51.3,chrome,0,0,164,0.28,0.16,0.04,0.1,-0.39,0.23,memo,
2018/07/10 14:20:14,2,0,0,1208,251,0,0,0,0,0,28.1,chrome,0,0,177,0.26,0.18,0.28,0.2,-0.49,0.18,memo,
2018/07/10 14:20:19,3,0,0,4854,539,0,0,0,0,0,58,chrome,0,0,186,0.33,0.18,0.29,0.2,-0.61,0.32,memo,
2018/07/10 14:20:24,4,0,0,3949,487,0,0,0,0,0,51.7,chrome,0,0,177,0.24,0.07,0.29,0.1,-0.36,0.23,memo,
2018/07/10 14:20:29,6,0,0,2178,337,0,0,0,0,0,59.3,chrome,0,0,198,0.39,0.13,0.24,0.1,-0.58,0.36,memo,
2018/07/10 14:20:34,3,0,0,2430,606,0,0,0,0,0,56.2,chrome,0,0,172,0.3,0.19,0.24,0.2,-0.59,0.33,memo,
2018/07/10 14:20:39,4,0,0,4325,485,0,0,0,0,0,45.7,chrome,0,0,190,0.27,0.2,0.21,0,-0.42,0.27,memo,
2018/07/10 14:20:44,3,0,0,6863,671,0,0,0,0,0,89.3,chrome,0,0,183,0.42,0.13,0.21,0.2,-0.69,0.37,memo,
2018/07/10 14:20:49,2,0,0,3027,332,0,0,0,0,0,47.8,chrome,0,0,184,0.33,0.15,0.22,0.2,-0.67,0.38,memo,
2018/07/10 14:20:54,1,0,0,1184,162,0,0,0,0,0,19.5,chrome,0,0,199,0.32,0.21,0.31,0.1,-0.71,0.4,memo,
2018/07/10 14:20:59,0,0,0,1375,167,0,0,0,0,0,21.9,chrome,0,0,176,0.32,0.19,0.27,0.2,-0.58,0.33,memo,
2018/07/10 14:21:04,0,0,0,1933,216,0,0,0,0,0,25,chrome,0,0,224,0.42,0.21,0.42,0.3,-1.23,0.72,memo,
2018/07/10 14:21:09,3,0,0,4446,424,0,0,0,0,0,45.2,chrome,0,0,242,0.5,0.22,0.48,0.3,-1.46,0.91,memo,
2018/07/10 14:21:14,1,0,0,4460,272,0,0,0,0,0,46.9,chrome,0,0,259,0.48,0.22,0.49,0.4,-1.58,0.97,memo,
2018/07/10 14:21:19,1,0,0,1772,217,0,0,0,0,0,16.9,chrome,0,0,251,0.49,0.17,0.49,0.3,-1.38,0.88,memo,
2018/07/10 14:21:24,2,0,0,1374,153,0,0,0,0,0,35.2,chrome,0,0,167,0.28,0.13,0.2,0.2,-2.98,0.33,memo,
2018/07/10 14:21:29,2,0,0,1122,72,0,0,0,0,0,37.1,chrome,0,0,142,0.23,0.37,0.17,0.3,-0.35,0.12,memo,
2018/07/10 14:21:34,1,0,0,3276,323,0,0,0,0,0,23.1,chrome,0,0,145,0.34,0.43,0.22,0,-0.45,0.24,memo,
2018/07/10 14:21:39,5,0,0,6526,350,0,0,0,0,0,60.4,explorer,0,0,137,0.39,0.23,0.05,0.1,-0.34,0.2,memo,
2018/07/10 14:21:44,2,0,0,635,177,0,0,0,0,0,21.6,Unity,0,0,183,0.58,0.49,0.22,-0.1,-0.59,0.42,memo,
2018/07/10 14:21:49,0,0,0,240,41,0,0,0,0,0,3.3,Unity,0,0,151,0.36,0.47,0.37,0.1,-0.71,0.5,memo,
2018/07/10 14:21:54,0,0,0,2223,305,0,0,0,0,0,8,Unity,0,0,131,0.31,0.33,0.29,0,-0.27,0.2,memo,
2018/07/10 14:21:59,4,0,0,2773,369,0,0,0,0,0,53.1,Unity,0,0,187,0.4,0.57,0.38,0.3,-1.11,0.54,memo,
2018/07/10 14:22:04,0,0,0,1327,227,0,0,0,0,0,24.7,Unity,0,0,233,0.45,0.78,0.46,0.4,-1.4,0.88,memo,
2018/07/10 14:22:09,2,0,0,1588,415,0,0,0,0,0,26.3,explorer,0,0,248,0.5,0.79,0.49,0.4,-1.6,1,memo,
2018/07/10 14:22:14,2,0,0,2387,262,0,0,0,0,0,34.1,Unity,0,0,226,0.5,0.74,0.46,0.2,-2.67,0.91,memo,
2018/07/10 14:22:19,1,0,0,1214,371,0,0,0,0,0,24.5,Datalogging,0,0,149,0.48,0.31,0.36,0.2,-0.65,0.42,memo,
2018/07/10 14:22:24,1,0,0,13,10,0,0,0,0,0,3.1,Datalogging,0,0,167,0.29,0.48,0.05,0.2,-0.47,0.3,memo,
2018/07/10 14:22:29,4,0,0,5180,717,0,0,0,0,0,58.8,explorer,0,0,149,0.31,0.39,0.14,0.2,-0.38,0.22,memo,
2018/07/10 14:22:34,1,0,0,814,197,0,0,0,0,0,29.7,Unity,0,0,169,0.38,0.44,0.28,0.2,-0.61,0.4,memo,
2018/07/10 14:22:39,0,0,0,0,0,0,0,0,0,0,0,Unity,0,0,238,0.5,0.62,0.49,-1.2,-1.88,1,memo,
2018/07/10 14:22:44,0,0,0,1,1,0,0,0,0,0,0,Unity,0,0,234,0.49,0.57,0.5,0.5,-1.59,1,memo,
2018/07/10 14:22:49,0,0,0,2904,386,0,0,0,0,0,13.3,Unity,0,0,200,0.45,0.62,0.33,0.9,-1.27,0.76,memo,
2018/07/10 14:22:54,5,0,0,2990,491,0,0,0,0,0,43.4,Unity,0,0,231,0.49,1.03,0.48,0.3,-1.38,0.94,memo,
2018/07/10 14:22:59,0,0,0,2669,265,0,0,0,0,0,33,chrome,0,0,240,0.49,0.85,0.48,0.4,-1.6,1,memo,
2018/07/10 14:23:04,0,0,0,1091,350,0,0,0,0,0,10.6,chrome,0,0,212,0.46,0.73,0.43,0.2,-1.35,0.77,memo,
2018/07/10 14:23:09,0,0,0,0,0,0,0,0,0,0,0,chrome,0,0,191,0.45,0.6,0.38,0.2,-1.06,0.71,memo,
2018/07/10 14:23:14,0,0,0,2231,296,0,0,0,0,0,13.7,chrome,0,0,202,0.46,0.51,0.39,0.2,-0.95,0.57,memo,
2018/07/10 14:23:19,1,0,0,726,156,0,0,0,0,0,13.9,chrome,0,0,191,0.47,0.57,0.35,0.4,-1.02,0.56,memo,
2018/07/10 14:23:24,0,0,0,0,0,0,0,0,0,0,0,chrome,0,0,213,0.42,0.74,0.43,0.3,-2.08,0.74,memo,
2018/07/10 14:23:29,0,0,0,0,0,0,0,0,0,0,0,chrome,0,0,229,0.49,0.65,0.49,1.5,-0.83,1,memo,
2018/07/10 14:23:34,1,0,0,3951,403,0,0,0,0,0,51.5,explorer,0,0,239,0.47,0.4,0.58,0.3,-0.08,0.9,memo,
2018/07/10 14:23:39,7,0,0,3049,392,0,0,0,0,0,54.5,Unity,0,0,218,0.47,0.2,0.39,0.3,-1.23,0.67,memo,
2018/07/10 14:23:44,0,0,0,2555,288,0,0,0,0,0,26.9,Unity,0,0,170,0.44,0.13,0.21,0.3,-0.75,0.41,memo,
2018/07/10 14:23:49,0,0,0,3177,307,0,0,0,0,0,23.9,chrome,0,0,149,0.4,0.01,0.17,0.2,-0.31,0.15,memo,
2018/07/10 14:23:54,0,0,0,1659,457,0,0,0,0,0,3.2,chrome,0,0,149,0.25,0.16,0.23,0.3,-0.69,0.29,memo,
2018/07/10 14:23:59,4,0,0,6563,1203,0,0,0,0,0,59.7,explorer,0,0,165,0.2,0.44,0.36,0,-0.49,0.32,memo,
2018/07/10 14:24:04,4,0,0,8034,1392,0,0,0,0,0,56,Idle,0,0,174,0.4,0.38,0.23,0.3,-0.87,0.54,memo,
2018/07/10 14:24:09,2,0,0,1608,249,0,0,0,0,0,22.6,SearchUI,0,0,196,0.44,0.44,0.35,0.3,-0.86,0.7,memo,
2018/07/10 14:24:14,3,0,0,2109,250,0,0,0,0,0,31,OfficeHubWin32,0,0,247,0.48,0.45,0.5,0.2,-1.47,0.97,memo,
2018/07/10 14:24:19,3,0,0,3149,543,0,0,0,0,0,32.9,Unity,0,0,219,0.36,0.26,0.45,0.4,-1.22,0.75,memo,
2018/07/10 14:24:24,0,0,0,0,0,0,0,0,0,0,0,Unity,0,0,203,0.5,0.21,0.47,0.3,-7.09,0.83,memo,
2018/07/10 14:24:29,0,0,0,0,0,0,0,0,0,0,0,explorer,0,0,142,0.46,0.31,0.18,0.2,-0.39,0.75,memo,
